pack_index,entry_start,entry_end,natdex,name,Model,Texture,Shiny Texture,Greyscale Texture,Battle Animations,Refresh Animations,"Idle, Walk and Run Animations",Lip Animations,Empty,a326 refresh?,PC Image,Shiny PC Image,Party Icon,73,.
0,0,8,1,Bulbasaur,00001,00002,00003,00004,00005,00006,00007,00008,00009,,1,2,1,,
1,9,17,2,Ivysaur,00010,00011,00012,00013,00014,00015,00016,00017,00018,,3,4,2,,
2,18,26,3,Venusaur,00019,00020,00021,00022,00023,00024,00025,00026,00027,,5,6,3,,
3,27,35,3,Female Venusaur,00028,00029,00030,00031,00032,00033,00034,00035,00036,,7,8,3,,
4,36,44,3,Mega Venusaur,00037,00038,00039,00040,00041,00042,00043,00044,00045,,9,10,4,,
5,45,53,4,Charmander,00046,00047,00048,00049,00050,00051,00052,00053,00054,,11,12,5,,
6,54,62,5,Charmeleon,00055,00056,00057,00058,00059,00060,00061,00062,00063,,13,14,6,,
7,63,71,6,Charizard,00064,00065,00066,00067,00068,00069,00070,00071,00072,,15,16,7,,
8,72,80,6,Mega Charizard X,00073,00074,00075,00076,00077,00078,00079,00080,00081,,17,18,8,,
9,81,89,6,Mega Charizard Y,00082,00083,00084,00085,00086,00087,00088,00089,00090,,19,20,9,,
10,90,98,7,Squirtle,00091,00092,00093,00094,00095,00096,00097,00098,00099,,21,22,10,,
11,99,107,8,Wartortle,00100,00101,00102,00103,00104,00105,00106,00107,00108,,23,24,11,,
12,108,116,9,Blastoise,00109,00110,00111,00112,00113,00114,00115,00116,00117,,25,26,12,,
13,117,125,9,Mega Blastoise,00118,00119,00120,00121,00122,00123,00124,00125,00126,,27,28,13,,
14,126,134,10,Caterpie,00127,00128,00129,00130,00131,00132,00133,00134,00135,,29,30,14,,
15,135,143,11,Metapod,00136,00137,00138,00139,00140,00141,00142,00143,00144,,31,32,15,,
16,144,152,12,Butterfree,00145,00146,00147,00148,00149,00150,00151,00152,00153,,33,34,16,,
17,153,161,12,Female Butterfree,00154,00155,00156,00157,00158,00159,00160,00161,00162,,35,36,16,,
18,162,170,13,Weedle,00163,00164,00165,00166,00167,00168,00169,00170,00171,,37,38,17,,
19,171,179,14,Kakuna,00172,00173,00174,00175,00176,00177,00178,00179,00180,,39,40,18,,
20,180,188,15,Beedrill,00181,00182,00183,00184,00185,00186,00187,00188,00189,,41,42,19,,
21,189,197,15,Mega Beedrill,00190,00191,00192,00193,00194,00195,00196,00197,00198,,43,44,20,,
22,198,206,16,Pidgey,00199,00200,00201,00202,00203,00204,00205,00206,00207,,45,46,21,,
23,207,215,17,Pidgeotto,00208,00209,00210,00211,00212,00213,00214,00215,00216,,47,48,22,,
24,216,224,18,Pidgeot,00217,00218,00219,00220,00221,00222,00223,00224,00225,,49,50,23,,
25,225,233,18,Mega Pidgeot,00226,00227,00228,00229,00230,00231,00232,00233,00234,,51,52,24,,
26,234,242,19,Rattata,00235,00236,00237,00238,00239,00240,00241,00242,00243,,53,54,26,,
27,243,251,19,Female Rattata,00244,00245,00246,00247,00248,00249,00250,00251,00252,,55,56,26,,
28,252,260,19,Alolan Rattata,00253,00254,00255,00256,00257,00258,00259,00260,00261,,57,58,25,,
29,261,269,20,Raticate,00262,00263,00264,00265,00266,00267,00268,00269,00270,,59,60,28,,
30,270,278,20,Female Raticate,00271,00272,00273,00274,00275,00276,00277,00278,00279,,61,62,28,,
31,279,287,20,Alolan Raticate,00280,00281,00282,00283,00284,00285,00286,00287,00288,,63,64,27,,
32,288,296,20,Totem Raticate,00289,00290,00291,00292,00293,00294,00295,00296,00297,,65,66,29,,
33,297,305,21,Spearow,00298,00299,00300,00301,00302,00303,00304,00305,00306,,67,68,30,,
34,306,314,22,Fearow,00307,00308,00309,00310,00311,00312,00313,00314,00315,,69,70,31,,
35,315,323,23,Ekans,00316,00317,00318,00319,00320,00321,00322,00323,00324,,71,72,32,,
36,324,332,24,Arbok,00325,00326,00327,00328,00329,00330,00331,00332,00333,,73,74,33,,
37,333,341,25,Pikachu,00334,00335,00336,00337,00338,00339,00340,00341,00342,,75,76,34,,
38,342,350,25,Female Pikachu,00343,00344,00345,00346,00347,00348,00349,00350,00351,,77,78,34,,
39,351,359,25,Kanto Pikachu,00352,00353,00354,00355,00356,00357,00358,00359,00360,,79,80,35,,
40,360,368,25,Johto Pikachu,00361,00362,00363,00364,00365,00366,00367,00368,00369,,81,82,36,,
41,369,377,25,Sinnoh Pikachu,00370,00371,00372,00373,00374,00375,00376,00377,00378,,83,84,37,,
42,378,386,25,Unova Pikachu,00379,00380,00381,00382,00383,00384,00385,00386,00387,,85,86,38,,
43,387,395,25,Kalos Pikachu,00388,00389,00390,00391,00392,00393,00394,00395,00396,,87,88,39,,
44,396,404,25,Alola Pikachu,00397,00398,00399,00400,00401,00402,00403,00404,00405,,89,90,40,,
45,405,413,25,I Choose You! Pikachu,00406,00407,00408,00409,00410,00411,00412,00413,00414,,91,92,41,,
46,414,422,26,Raichu,00415,00416,00417,00418,00419,00420,00421,00422,00423,,93,94,45,,
47,423,431,26,Female Raichu,00424,00425,00426,00427,00428,00429,00430,00431,00432,,95,96,45,,
48,432,440,26,Alolan Raichu,00433,00434,00435,00436,00437,00438,00439,00440,00441,,97,98,44,,
49,441,449,27,Sandshrew,00442,00443,00444,00445,00446,00447,00448,00449,00450,,99,100,47,,
50,450,458,27,Alolan Sandshrew,00451,00452,00453,00454,00455,00456,00457,00458,00459,,101,102,46,,
51,459,467,28,Sandslash,00460,00461,00462,00463,00464,00465,00466,00467,00468,,103,104,49,,
52,468,476,28,Alolan Sandslash,00469,00470,00471,00472,00473,00474,00475,00476,00477,,105,106,48,,
53,477,485,28,Nidoran (F),00478,00479,00480,00481,00482,00483,00484,00485,00486,,107,108,50,,
54,486,494,30,Nidorina,00487,00488,00489,00490,00491,00492,00493,00494,00495,,109,110,51,,
55,495,503,31,Nidoqueen,00496,00497,00498,00499,00500,00501,00502,00503,00504,,111,112,52,,
56,504,512,31,Nidoran (M),00505,00506,00507,00508,00509,00510,00511,00512,00513,,113,114,53,,
57,513,521,33,Nidorino,00514,00515,00516,00517,00518,00519,00520,00521,00522,,115,116,54,,
58,522,530,34,Nidoking,00523,00524,00525,00526,00527,00528,00529,00530,00531,,117,118,55,,
59,531,539,35,Clefairy,00532,00533,00534,00535,00536,00537,00538,00539,00540,,119,120,57-58,,
60,540,548,36,Clefable,00541,00542,00543,00544,00545,00546,00547,00548,00549,,121,122,59,,
61,549,557,37,Vulpix,00550,00551,00552,00553,00554,00555,00556,00557,00558,,123,124,61,,
62,558,566,37,Alolan Vulpix,00559,00560,00561,00562,00563,00564,00565,00566,00567,,125,126,60,,
63,567,575,38,Ninetales,00568,00569,00570,00571,00572,00573,00574,00575,00576,,127,128,63,,
64,576,584,38,Alolan Ninetales,00577,00578,00579,00580,00581,00582,00583,00584,00585,,129,130,62,,
65,585,593,39,Jigglypuff,00586,00587,00588,00589,00590,00591,00592,00593,00594,,131,132,64-65,,
66,594,602,40,Wigglytuff,00595,00596,00597,00598,00599,00600,00601,00602,00603,,133,134,66-67,,
67,603,611,41,Zubat,00604,00605,00606,00607,00608,00609,00610,00611,00612,,135,136,68,,
68,612,620,41,Female Zubat,00613,00614,00615,00616,00617,00618,00619,00620,00621,,137,138,68,,
69,621,629,42,Golbat,00622,00623,00624,00625,00626,00627,00628,00629,00630,,139,140,69,,
70,630,638,42,Female Golbat,00631,00632,00633,00634,00635,00636,00637,00638,00639,,141,142,69,,
71,639,647,43,Oddish,00640,00641,00642,00643,00644,00645,00646,00647,00648,,143,144,70,,
72,648,656,44,Gloom,00649,00650,00651,00652,00653,00654,00655,00656,00657,,145,146,71,,
73,657,665,44,Female Gloom,00658,00659,00660,00661,00662,00663,00664,00665,00666,,147,148,71,,
74,666,674,45,Vileplume,00667,00668,00669,00670,00671,00672,00673,00674,00675,,149,150,72,,
75,675,683,45,Female Vileplume,00676,00677,00678,00679,00680,00681,00682,00683,00684,,151,152,72,,
76,684,692,46,Paras,00685,00686,00687,00688,00689,00690,00691,00692,00693,,153,154,73,,
77,693,701,47,Parasect,00694,00695,00696,00697,00698,00699,00700,00701,00702,,155,156,74,,
78,702,710,48,Venonat,00703,00704,00705,00706,00707,00708,00709,00710,00711,,157,158,75,,
79,711,719,49,Venomoth,00712,00713,00714,00715,00716,00717,00718,00719,00720,,159,160,76,,
80,720,728,50,Diglett,00721,00722,00723,00724,00725,00726,00727,00728,00729,,161,162,78,,
81,729,737,50,Alolan Diglett,00730,00731,00732,00733,00734,00735,00736,00737,00738,,163,164,77,,
82,738,746,51,Dugtrio,00739,00740,00741,00742,00743,00744,00745,00746,00747,,165,166,81,,
83,747,755,51,Alolan Dugtrio,00748,00749,00750,00751,00752,00753,00754,00755,00756,,167,168,79-80,,
84,756,764,52,Meowth,00757,00758,00759,00760,00761,00762,00763,00764,00765,,169,170,83,,
85,765,773,52,Alolan Meowth,00766,00767,00768,00769,00770,00771,00772,00773,00774,,171,172,82,,
86,774,782,53,Persian,00775,00776,00777,00778,00779,00780,00781,00782,00783,,173,174,85,,
87,783,791,53,Alolan Persian,00784,00785,00786,00787,00788,00789,00790,00791,00792,,175,176,84,,
88,792,800,54,Psyduck,00793,00794,00795,00796,00797,00798,00799,00800,00801,,177,178,86,,
89,801,809,55,Golduck,00802,00803,00804,00805,00806,00807,00808,00809,00810,,179,180,87,,
90,810,818,56,Mankey,00811,00812,00813,00814,00815,00816,00817,00818,00819,,181,182,88,,
91,819,827,57,Primeape,00820,00821,00822,00823,00824,00825,00826,00827,00828,,183,184,89,,
92,828,836,58,Growlithe,00829,00830,00831,00832,00833,00834,00835,00836,00837,,185,186,90,,
93,837,845,59,Arcanine,00838,00839,00840,00841,00842,00843,00844,00845,00846,,187,188,91,,
94,846,854,60,Poliwag,00847,00848,00849,00850,00851,00852,00853,00854,00855,,189,190,92,,
95,855,863,61,Poliwhirl,00856,00857,00858,00859,00860,00861,00862,00863,00864,,191,192,93,,
96,864,872,62,Poliwrath,00865,00866,00867,00868,00869,00870,00871,00872,00873,,193,194,94,,
97,873,881,63,Abra,00874,00875,00876,00877,00878,00879,00880,00881,00882,,195,196,95,,
98,882,890,64,Kadabra,00883,00884,00885,00886,00887,00888,00889,00890,00891,,197,198,96,,
99,891,899,64,Female Kadabra,00892,00893,00894,00895,00896,00897,00898,00899,00900,,199,200,96,,
100,900,908,65,Alakazam,00901,00902,00903,00904,00905,00906,00907,00908,00909,,201,202,97,,
101,909,917,65,Female Alakazam,00910,00911,00912,00913,00914,00915,00916,00917,00918,,203,204,97,,
102,918,926,65,Mega Alakazam,00919,00920,00921,00922,00923,00924,00925,00926,00927,,205,206,98,,
103,927,935,66,Machop,00928,00929,00930,00931,00932,00933,00934,00935,00936,,207,208,99,,
104,936,944,67,Machoke,00937,00938,00939,00940,00941,00942,00943,00944,00945,,209,210,100,,
105,945,953,68,Machamp,00946,00947,00948,00949,00950,00951,00952,00953,00954,,211,212,101,,
106,954,962,69,Bellsprout,00955,00956,00957,00958,00959,00960,00961,00962,00963,,213,214,102,,
107,963,971,70,Weepinbell,00964,00965,00966,00967,00968,00969,00970,00971,00972,,215,216,103,,
108,972,980,71,Victreebel,00973,00974,00975,00976,00977,00978,00979,00980,00981,,217,218,104,,
109,981,989,72,Tentacool,00982,00983,00984,00985,00986,00987,00988,00989,00990,,219,220,105,,
110,990,998,73,Tentacruel,00991,00992,00993,00994,00995,00996,00997,00998,00999,,221,222,106,,
111,999,1007,74,Geodude,01000,01001,01002,01003,01004,01005,01006,01007,01008,,223,224,107,,
112,1008,1016,74,Alolan Geodude,01009,01010,01011,01012,01013,01014,01015,01016,01017,,225,226,108,,
113,1017,1025,75,Graveler,01018,01019,01020,01021,01022,01023,01024,01025,01026,,227,228,109,,
114,1026,1034,75,Alolan Graveler,01027,01028,01029,01030,01031,01032,01033,01034,01035,,229,230,110,,
115,1035,1043,76,Golem,01036,01037,01038,01039,01040,01041,01042,01043,01044,,231,232,111,,
116,1044,1052,76,Alolan Golem,01045,01046,01047,01048,01049,01050,01051,01052,01053,,233,234,112,,
117,1053,1061,77,Ponyta,01054,01055,01056,01057,01058,01059,01060,01061,01062,,235,236,113,,
118,1062,1070,78,Rapidash,01063,01064,01065,01066,01067,01068,01069,01070,01071,,237,238,114,,
119,1071,1079,79,Slowpoke,01072,01073,01074,01075,01076,01077,01078,01079,01080,,239,240,115,,
120,1080,1088,80,Slowbro,01081,01082,01083,01084,01085,01086,01087,01088,01089,,241,242,116,,
121,1089,1097,80,Mega Slowbro,01090,01091,01092,01093,01094,01095,01096,01097,01098,,243,244,117,,
122,1098,1106,81,Magnemite,01099,01100,01101,01102,01103,01104,01105,01106,01107,,245,246,118,,
123,1107,1115,82,Magneton,01108,01109,01110,01111,01112,01113,01114,01115,01116,,247,248,119,,
124,1116,1124,83,Farfetch'd,01117,01118,01119,01120,01121,01122,01123,01124,01125,,249,250,120,,
125,1125,1133,84,Doduo,01126,01127,01128,01129,01130,01131,01132,01133,01134,,251,252,121,,
126,1134,1142,84,Female Doduo,01135,01136,01137,01138,01139,01140,01141,01142,01143,,253,254,121,,
127,1143,1151,85,Dodrio,01144,01145,01146,01147,01148,01149,01150,01151,01152,,255,256,122,,
128,1152,1160,85,Female Dodrio,01153,01154,01155,01156,01157,01158,01159,01160,01161,,257,258,122,,
129,1161,1169,86,Seel,01162,01163,01164,01165,01166,01167,01168,01169,01170,,259,260,123,,
130,1170,1178,87,Dewgong,01171,01172,01173,01174,01175,01176,01177,01178,01179,,261,262,124,,
131,1179,1187,88,Grimer,01180,01181,01182,01183,01184,01185,01186,01187,01188,,263,264,125,,
132,1188,1196,88,Alolan Grimer,01189,01190,01191,01192,01193,01194,01195,01196,01197,,265,266,126,,
133,1197,1205,89,Muk,01198,01199,01200,01201,01202,01203,01204,01205,01206,,267,268,127,,
134,1206,1214,89,Alolan Muk,01207,01208,01209,01210,01211,01212,01213,01214,01215,,269,270,128,,
135,1215,1223,90,Shellder,01216,01217,01218,01219,01220,01221,01222,01223,01224,,271,272,129,,
136,1224,1232,91,Cloyster,01225,01226,01227,01228,01229,01230,01231,01232,01233,,273,274,130,,
137,1233,1241,92,Gastly,01234,01235,01236,01237,01238,01239,01240,01241,01242,,275,276,131,,
138,1242,1250,93,Haunter,01243,01244,01245,01246,01247,01248,01249,01250,01251,,277,278,132,,
139,1251,1259,94,Gengar,01252,01253,01254,01255,01256,01257,01258,01259,01260,,279,280,133,,
140,1260,1268,94,Mega Gengar,01261,01262,01263,01264,01265,01266,01267,01268,01269,,281,282,134,,
141,1269,1277,95,Onix,01270,01271,01272,01273,01274,01275,01276,01277,01278,,283,284,135,,
142,1278,1286,96,Drowzee,01279,01280,01281,01282,01283,01284,01285,01286,01287,,285,286,136,,
143,1287,1295,97,Hypno,01288,01289,01290,01291,01292,01293,01294,01295,01296,,287,288,137,,
144,1296,1304,97,Female Hypno,01297,01298,01299,01300,01301,01302,01303,01304,01305,,289,290,137,,
145,1305,1313,98,Krabby,01306,01307,01308,01309,01310,01311,01312,01313,01314,,291,292,138,,
146,1314,1322,99,Kingler,01315,01316,01317,01318,01319,01320,01321,01322,01323,,293,294,139,,
147,1323,1331,100,Voltorb,01324,01325,01326,01327,01328,01329,01330,01331,01332,,295,296,140,,
148,1332,1340,101,Electrode,01333,01334,01335,01336,01337,01338,01339,01340,01341,,297,298,141,,
149,1341,1349,102,Exeggcute,01342,01343,01344,01345,01346,01347,01348,01349,01350,,299,300,142,,
150,1350,1358,103,Exeggutor,01351,01352,01353,01354,01355,01356,01357,01358,01359,,301,302,143,,
151,1359,1367,103,Alolan Exeggutor,01360,01361,01362,01363,01364,01365,01366,01367,01368,,303,304,144,,
152,1368,1376,104,Cubone,01369,01370,01371,01372,01373,01374,01375,01376,01377,,305,306,145,,
153,1377,1385,105,Marowak,01378,01379,01380,01381,01382,01383,01384,01385,01386,,307,308,146,,
154,1386,1394,105,Alolan Marowak,01387,01388,01389,01390,01391,01392,01393,01394,01395,,309,310,147,,
155,1395,1403,105,Totem Marowak,01396,01397,01398,01399,01400,01401,01402,01403,01404,,311,312,148,,
156,1404,1412,106,Hitmonlee,01405,01406,01407,01408,01409,01410,01411,01412,01413,,313,314,149,,
157,1413,1421,107,Hitmonchan,01414,01415,01416,01417,01418,01419,01420,01421,01422,,315,316,150,,
158,1422,1430,108,Lickitung,01423,01424,01425,01426,01427,01428,01429,01430,01431,,317,318,151,,
159,1431,1439,109,Koffing,01432,01433,01434,01435,01436,01437,01438,01439,01440,,319,320,152,,
160,1440,1448,110,Weezing,01441,01442,01443,01444,01445,01446,01447,01448,01449,,321,322,153,,
161,1449,1457,111,Rhyhorn,01450,01451,01452,01453,01454,01455,01456,01457,01458,,323,324,154,,
162,1458,1466,111,Female Rhyhorn,01459,01460,01461,01462,01463,01464,01465,01466,01467,,325,326,154,,
163,1467,1475,112,Rhydon,01468,01469,01470,01471,01472,01473,01474,01475,01476,,327,328,155,,
164,1476,1484,112,Female Rhydon,01477,01478,01479,01480,01481,01482,01483,01484,01485,,329,330,155,,
165,1485,1493,113,Chansey,01486,01487,01488,01489,01490,01491,01492,01493,01494,,331,332,156,,
166,1494,1502,114,Tangela,01495,01496,01497,01498,01499,01500,01501,01502,01503,,333,334,157,,
167,1503,1511,115,Kangaskhan,01504,01505,01506,01507,01508,01509,01510,01511,01512,,335,336,158,,
168,1512,1520,115,Mega Kangashan,01513,01514,01515,01516,01517,01518,01519,01520,01521,,337,338,159,,
169,1521,1529,116,Horsea,01522,01523,01524,01525,01526,01527,01528,01529,01530,,339,340,160,,
170,1530,1538,117,Seadra,01531,01532,01533,01534,01535,01536,01537,01538,01539,,341,342,161,,
171,1539,1547,118,Goldeen,01540,01541,01542,01543,01544,01545,01546,01547,01548,,343,344,162,,
172,1548,1556,118,Female Goldeen,01549,01550,01551,01552,01553,01554,01555,01556,01557,,345,346,162,,
173,1557,1565,119,Seaking,01558,01559,01560,01561,01562,01563,01564,01565,01566,,347,348,163,,
174,1566,1574,119,Female Seaking,01567,01568,01569,01570,01571,01572,01573,01574,01575,,349,350,163,,
175,1575,1583,120,Staryu,01576,01577,01578,01579,01580,01581,01582,01583,01584,,351,352,164,,
176,1584,1592,121,Starmie,01585,01586,01587,01588,01589,01590,01591,01592,01593,,353,354,165,,
177,1593,1601,122,Mr. Mime,01594,01595,01596,01597,01598,01599,01600,01601,01602,,355,356,166,,
178,1602,1610,123,Scyther,01603,01604,01605,01606,01607,01608,01609,01610,01611,,357,358,167,,
179,1611,1619,123,Female Scyther,01612,01613,01614,01615,01616,01617,01618,01619,01620,,359,360,167,,
180,1620,1628,124,Jynx,01621,01622,01623,01624,01625,01626,01627,01628,01629,,361,362,168,,
181,1629,1637,125,Electabuzz,01630,01631,01632,01633,01634,01635,01636,01637,01638,,363,364,169,,
182,1638,1646,126,Magmar,01639,01640,01641,01642,01643,01644,01645,01646,01647,,365,366,170,,
183,1647,1655,127,Pinsir,01648,01649,01650,01651,01652,01653,01654,01655,01656,,367,368,171,,
184,1656,1664,127,Mega Pinsir,01657,01658,01659,01660,01661,01662,01663,01664,01665,,369,370,172,,
185,1665,1673,128,Tauros,01666,01667,01668,01669,01670,01671,01672,01673,01674,,371,372,173,,
186,1674,1682,129,Magikarp,01675,01676,01677,01678,01679,01680,01681,01682,01683,,373,374,174,,
187,1683,1691,129,Female Magikarp,01684,01685,01686,01687,01688,01689,01690,01691,01692,,375,376,174,,
188,1692,1700,130,Gyarados,01693,01694,01695,01696,01697,01698,01699,01700,01701,,377,378,175,,
189,1701,1709,130,Female Gyarados,01702,01703,01704,01705,01706,01707,01708,01709,01710,,379,380,175,,
190,1710,1718,130,Mega Gyarados,01711,01712,01713,01714,01715,01716,01717,01718,01719,,381,382,176,,
191,1719,1727,131,Lapras,01720,01721,01722,01723,01724,01725,01726,01727,01728,,383,384,177,,
192,1728,1736,132,Ditto,01729,01730,01731,01732,01733,01734,01735,01736,01737,,385,386,178,,
193,1737,1745,133,Eevee,01738,01739,01740,01741,01742,01743,01744,01745,01746,,387,388,179,,
194,1746,1754,134,Vaporeon,01747,01748,01749,01750,01751,01752,01753,01754,01755,,389,390,180,,
195,1755,1763,135,Jolteon,01756,01757,01758,01759,01760,01761,01762,01763,01764,,391,392,181,,
196,1764,1772,136,Flareon,01765,01766,01767,01768,01769,01770,01771,01772,01773,,393,394,182,,
197,1773,1781,137,Porygon,01774,01775,01776,01777,01778,01779,01780,01781,01782,,395,396,183,,
198,1782,1790,138,Omanyte,01783,01784,01785,01786,01787,01788,01789,01790,01791,,397,398,184,,
199,1791,1799,139,Omastar,01792,01793,01794,01795,01796,01797,01798,01799,01800,,399,400,185,,
200,1800,1808,140,Kabuto,01801,01802,01803,01804,01805,01806,01807,01808,01809,,401,402,186,,
201,1809,1817,141,Kabutops,01810,01811,01812,01813,01814,01815,01816,01817,01818,,403,404,187,,
202,1818,1826,142,Aerodactyl,01819,01820,01821,01822,01823,01824,01825,01826,01827,,405,406,188,,
203,1827,1835,142,Mega Aerodactyl,01828,01829,01830,01831,01832,01833,01834,01835,01836,,407,408,189,,
204,1836,1844,143,Snorlax,01837,01838,01839,01840,01841,01842,01843,01844,01845,,409,410,190,,
205,1845,1853,144,Articuno,01846,01847,01848,01849,01850,01851,01852,01853,01854,,411,412,191,,
206,1854,1862,145,Zapdos,01855,01856,01857,01858,01859,01860,01861,01862,01863,,413,414,192,,
207,1863,1871,146,Moltres,01864,01865,01866,01867,01868,01869,01870,01871,01872,,415,416,193,,
208,1872,1880,147,Dratini,01873,01874,01875,01876,01877,01878,01879,01880,01881,,417,418,194,,
209,1881,1889,148,Dragonair,01882,01883,01884,01885,01886,01887,01888,01889,01890,,419,420,195,,
210,1890,1898,149,Dragonite,01891,01892,01893,01894,01895,01896,01897,01898,01899,,421,422,196,,
211,1899,1907,150,Mewtwo,01900,01901,01902,01903,01904,01905,01906,01907,01908,,423,424,197,,
212,1908,1916,150,Mega Mewtwo X,01909,01910,01911,01912,01913,01914,01915,01916,01917,,425,426,198,,
213,1917,1925,150,Mega Mewtwo Y,01918,01919,01920,01921,01922,01923,01924,01925,01926,,427,428,199,,
214,1926,1934,151,Mew,01927,01928,01929,01930,01931,01932,01933,01934,01935,,429,430,200,,
215,1935,1943,152,Chikorita,01936,01937,01938,01939,01940,01941,01942,01943,01944,,431,432,201,,
216,1944,1952,153,Bayleef,01945,01946,01947,01948,01949,01950,01951,01952,01953,,433,434,202,,
217,1953,1961,154,Meganium,01954,01955,01956,01957,01958,01959,01960,01961,01962,,435,436,203,,
218,1962,1970,154,Female Meganium,01963,01964,01965,01966,01967,01968,01969,01970,01971,,437,438,203,,
219,1971,1979,155,Cyndaquil,01972,01973,01974,01975,01976,01977,01978,01979,01980,,439,440,204,,
220,1980,1988,156,Quilava,01981,01982,01983,01984,01985,01986,01987,01988,01989,,441,442,205,,
221,1989,1997,157,Typhlosion,01990,01991,01992,01993,01994,01995,01996,01997,01998,,443,444,206,,
222,1998,2006,158,Totodile,01999,02000,02001,02002,02003,02004,02005,02006,02007,,445,446,207,,
223,2007,2015,159,Croconaw,02008,02009,02010,02011,02012,02013,02014,02015,02016,,447,448,208,,
224,2016,2024,160,Feraligatr,02017,02018,02019,02020,02021,02022,02023,02024,02025,,449,450,209,,
225,2025,2033,161,Sentret,02026,02027,02028,02029,02030,02031,02032,02033,02034,,451,452,210,,
226,2034,2042,162,Furret,02035,02036,02037,02038,02039,02040,02041,02042,02043,,453,454,211,,
227,2043,2051,163,Hoothoot,02044,02045,02046,02047,02048,02049,02050,02051,02052,,455,456,212,,
228,2052,2060,164,Noctowl,02053,02054,02055,02056,02057,02058,02059,02060,02061,,457,458,213,,
229,2061,2069,165,Ledyba,02062,02063,02064,02065,02066,02067,02068,02069,02070,,459,460,214,,
230,2070,2078,165,Female Ledyba,02071,02072,02073,02074,02075,02076,02077,02078,02079,,461,462,214,,
231,2079,2087,166,Ledian,02080,02081,02082,02083,02084,02085,02086,02087,02088,,463,464,215,,
232,2088,2096,166,Female Ledian,02089,02090,02091,02092,02093,02094,02095,02096,02097,,465,466,215,,
233,2097,2105,167,Spinarak,02098,02099,02100,02101,02102,02103,02104,02105,02106,,467,468,216,,
234,2106,2114,168,Ariados,02107,02108,02109,02110,02111,02112,02113,02114,02115,,469,470,217,,
235,2115,2123,169,Crobat,02116,02117,02118,02119,02120,02121,02122,02123,02124,,471,472,218,,
236,2124,2132,170,Chinchou,02125,02126,02127,02128,02129,02130,02131,02132,02133,,473,474,219,,
237,2133,2141,171,Lanturn,02134,02135,02136,02137,02138,02139,02140,02141,02142,,475,476,220,,
238,2142,2150,172,Pichu,02143,02144,02145,02146,02147,02148,02149,02150,02151,,477,478,221,,
239,2151,2159,173,Cleffa,02152,02153,02154,02155,02156,02157,02158,02159,02160,,479,480,222,,
240,2160,2168,174,Igglybuff,02161,02162,02163,02164,02165,02166,02167,02168,02169,,481,482,223,,
241,2169,2177,175,Togepi,02170,02171,02172,02173,02174,02175,02176,02177,02178,,483,484,224,,
242,2178,2186,176,Togetic,02179,02180,02181,02182,02183,02184,02185,02186,02187,,485,486,225,,
243,2187,2195,177,Natu,02188,02189,02190,02191,02192,02193,02194,02195,02196,,487,488,226,,
244,2196,2204,178,Xatu,02197,02198,02199,02200,02201,02202,02203,02204,02205,,489,490,227,,
245,2205,2213,178,Female Xatu,02206,02207,02208,02209,02210,02211,02212,02213,02214,,491,492,227,,
246,2214,2222,179,Mareep,02215,02216,02217,02218,02219,02220,02221,02222,02223,,493,494,228,,
247,2223,2231,180,Flaaffy,02224,02225,02226,02227,02228,02229,02230,02231,02232,,495,496,229,,
248,2232,2240,181,Ampharos,02233,02234,02235,02236,02237,02238,02239,02240,02241,,497,498,230,,
249,2241,2249,181,Mega Ampharos,02242,02243,02244,02245,02246,02247,02248,02249,02250,,499,500,231,,
250,2250,2258,182,Bellossom,02251,02252,02253,02254,02255,02256,02257,02258,02259,,501,502,232,,
251,2259,2267,183,Marill,02260,02261,02262,02263,02264,02265,02266,02267,02268,,503,504,233,,
252,2268,2276,184,Azumarill,02269,02270,02271,02272,02273,02274,02275,02276,02277,,505,506,234,,
253,2277,2285,185,Sudowoodo,02278,02279,02280,02281,02282,02283,02284,02285,02286,,507,508,235,,
254,2286,2294,185,Female Sudowoodo,02287,02288,02289,02290,02291,02292,02293,02294,02295,,509,510,235,,
255,2295,2303,186,Politoed,02296,02297,02298,02299,02300,02301,02302,02303,02304,,511,512,236,,
256,2304,2312,186,Female Politoed,02305,02306,02307,02308,02309,02310,02311,02312,02313,,513,514,236,,
257,2313,2321,187,Hoppip,02314,02315,02316,02317,02318,02319,02320,02321,02322,,515,516,237,,
258,2322,2330,188,Skiploom,02323,02324,02325,02326,02327,02328,02329,02330,02331,,517,518,238,,
259,2331,2339,189,Jumpluff,02332,02333,02334,02335,02336,02337,02338,02339,02340,,519,520,239,,
260,2340,2348,190,Aipom,02341,02342,02343,02344,02345,02346,02347,02348,02349,,521,522,240,,
261,2349,2357,190,Female Aipom,02350,02351,02352,02353,02354,02355,02356,02357,02358,,523,524,240,,
262,2358,2366,191,Sunkern,02359,02360,02361,02362,02363,02364,02365,02366,02367,,525,526,241,,
263,2367,2375,192,Sunflora,02368,02369,02370,02371,02372,02373,02374,02375,02376,,527,528,242,,
264,2376,2384,193,Yanma,02377,02378,02379,02380,02381,02382,02383,02384,02385,,529,530,243,,
265,2385,2393,194,Wooper,02386,02387,02388,02389,02390,02391,02392,02393,02394,,531,532,244,,
266,2394,2402,194,Female Wooper,02395,02396,02397,02398,02399,02400,02401,02402,02403,,533,534,244,,
267,2403,2411,195,Quagsire,02404,02405,02406,02407,02408,02409,02410,02411,02412,,535,536,245,,
268,2412,2420,195,Female Quagsire,02413,02414,02415,02416,02417,02418,02419,02420,02421,,537,538,245,,
269,2421,2429,196,Espeon,02422,02423,02424,02425,02426,02427,02428,02429,02430,,539,540,246,,
270,2430,2438,197,Umbreon,02431,02432,02433,02434,02435,02436,02437,02438,02439,,541,542,247,,
271,2439,2447,198,Murkrow,02440,02441,02442,02443,02444,02445,02446,02447,02448,,543,544,248,,
272,2448,2456,198,Female Murkrow,02449,02450,02451,02452,02453,02454,02455,02456,02457,,545,546,248,,
273,2457,2465,199,Slowking,02458,02459,02460,02461,02462,02463,02464,02465,02466,,547,548,249,,
274,2466,2474,200,Misdreavus,02467,02468,02469,02470,02471,02472,02473,02474,02475,,549,550,250,,
275,2475,2483,200,Unown A,02476,02477,02478,02479,02480,02481,02482,02483,02484,,551,552,251,,
276,2484,2492,200,Unown B,02485,02486,02487,02488,02489,02490,02491,02492,02493,,553,554,252,,
277,2493,2501,200,Unown C,02494,02495,02496,02497,02498,02499,02500,02501,02502,,555,556,253,,
278,2502,2510,200,Unown D,02503,02504,02505,02506,02507,02508,02509,02510,02511,,557,558,254,,
279,2511,2519,200,Unown E,02512,02513,02514,02515,02516,02517,02518,02519,02520,,559,560,255,,
280,2520,2528,200,Unown F,02521,02522,02523,02524,02525,02526,02527,02528,02529,,561,562,256,,
281,2529,2537,200,Unown G,02530,02531,02532,02533,02534,02535,02536,02537,02538,,563,564,257,,
282,2538,2546,200,Unown H,02539,02540,02541,02542,02543,02544,02545,02546,02547,,565,566,258,,
283,2547,2555,200,Unown I,02548,02549,02550,02551,02552,02553,02554,02555,02556,,567,568,259,,
284,2556,2564,200,Unown J,02557,02558,02559,02560,02561,02562,02563,02564,02565,,569,570,260,,
285,2565,2573,200,Unown K,02566,02567,02568,02569,02570,02571,02572,02573,02574,,571,572,261,,
286,2574,2582,200,Unown L,02575,02576,02577,02578,02579,02580,02581,02582,02583,,573,574,262,,
287,2583,2591,200,Unown M,02584,02585,02586,02587,02588,02589,02590,02591,02592,,575,576,263,,
288,2592,2600,200,Unown N,02593,02594,02595,02596,02597,02598,02599,02600,02601,,577,578,264,,
289,2601,2609,200,Unown O,02602,02603,02604,02605,02606,02607,02608,02609,02610,,579,580,265,,
290,2610,2618,200,Unown P,02611,02612,02613,02614,02615,02616,02617,02618,02619,,581,582,266,,
291,2619,2627,200,Unown Q,02620,02621,02622,02623,02624,02625,02626,02627,02628,,583,584,267,,
292,2628,2636,200,Unown R,02629,02630,02631,02632,02633,02634,02635,02636,02637,,585,586,268,,
293,2637,2645,200,Unown S,02638,02639,02640,02641,02642,02643,02644,02645,02646,,587,588,269,,
294,2646,2654,200,Unown T,02647,02648,02649,02650,02651,02652,02653,02654,02655,,589,590,270,,
295,2655,2663,200,Unown U,02656,02657,02658,02659,02660,02661,02662,02663,02664,,591,592,271,,
296,2664,2672,200,Unown V,02665,02666,02667,02668,02669,02670,02671,02672,02673,,593,594,272,,
297,2673,2681,200,Unown W,02674,02675,02676,02677,02678,02679,02680,02681,02682,,595,596,273,,
298,2682,2690,200,Unown X,02683,02684,02685,02686,02687,02688,02689,02690,02691,,597,598,274,,
299,2691,2699,200,Unown Y,02692,02693,02694,02695,02696,02697,02698,02699,02700,,599,600,275,,
300,2700,2708,200,Unown Z,02701,02702,02703,02704,02705,02706,02707,02708,02709,,601,602,276,,
301,2709,2717,200,Unown !,02710,02711,02712,02713,02714,02715,02716,02717,02718,,603,604,277,,
302,2718,2726,200,Unown ?,02719,02720,02721,02722,02723,02724,02725,02726,02727,,605,606,278,,
303,2727,2735,202,Wobbuffet,02728,02729,02730,02731,02732,02733,02734,02735,02736,,607,608,279,,
304,2736,2744,202,Female Wobbuffet,02737,02738,02739,02740,02741,02742,02743,02744,02745,,609,610,279,,
305,2745,2753,203,Girafarig,02746,02747,02748,02749,02750,02751,02752,02753,02754,,611,612,280,,
306,2754,2762,203,Female Girafarig,02755,02756,02757,02758,02759,02760,02761,02762,02763,,613,614,280,,
307,2763,2771,204,Pineco,02764,02765,02766,02767,02768,02769,02770,02771,02772,,615,616,281,,
308,2772,2780,205,Forretress,02773,02774,02775,02776,02777,02778,02779,02780,02781,,617,618,282,,
309,2781,2789,206,Dunsparce,02782,02783,02784,02785,02786,02787,02788,02789,02790,,619,620,283,,
310,2790,2798,207,Gligar,02791,02792,02793,02794,02795,02796,02797,02798,02799,,621,622,284,,
311,2799,2807,207,Female Gligar,02800,02801,02802,02803,02804,02805,02806,02807,02808,,623,624,284,,
312,2808,2816,208,Steelix,02809,02810,02811,02812,02813,02814,02815,02816,02817,,625,626,285,,
313,2817,2825,208,Female Steelix,02818,02819,02820,02821,02822,02823,02824,02825,02826,,627,628,285,,
314,2826,2834,208,Mega Steelix,02827,02828,02829,02830,02831,02832,02833,02834,02835,,629,630,286,,
315,2835,2843,209,Snubbull,02836,02837,02838,02839,02840,02841,02842,02843,02844,,631,632,287,,
316,2844,2852,210,Granbull,02845,02846,02847,02848,02849,02850,02851,02852,02853,,633,634,288,,
317,2853,2861,211,Qwilfish,02854,02855,02856,02857,02858,02859,02860,02861,02862,,635,636,289,,
318,2862,2870,212,Scizor,02863,02864,02865,02866,02867,02868,02869,02870,02871,,637,638,290,,
319,2871,2879,212,Female Scizor,02872,02873,02874,02875,02876,02877,02878,02879,02880,,639,640,290,,
320,2880,2888,212,Mega Scizor,02881,02882,02883,02884,02885,02886,02887,02888,02889,,641,642,291,,
321,2889,2897,213,Shuckle,02890,02891,02892,02893,02894,02895,02896,02897,02898,,643,644,292,,
322,2898,2906,214,Heracross,02899,02900,02901,02902,02903,02904,02905,02906,02907,,645,646,293,,
323,2907,2915,214,Female Heracross,02908,02909,02910,02911,02912,02913,02914,02915,02916,,647,648,293,,
324,2916,2924,214,Mega Heracross,02917,02918,02919,02920,02921,02922,02923,02924,02925,,649,650,294,,
325,2925,2933,215,Sneasel,02926,02927,02928,02929,02930,02931,02932,02933,02934,,651,652,295,,
326,2934,2942,215,Female Sneasel,02935,02936,02937,02938,02939,02940,02941,02942,02943,,653,654,295,,
327,2943,2951,216,Teddiursa,02944,02945,02946,02947,02948,02949,02950,02951,02952,,655,656,296,,
328,2952,2960,217,Ursaring,02953,02954,02955,02956,02957,02958,02959,02960,02961,,657,658,297,,
329,2961,2969,217,Female Ursaring,02962,02963,02964,02965,02966,02967,02968,02969,02970,,659,660,297,,
330,2970,2978,218,Slugma,02971,02972,02973,02974,02975,02976,02977,02978,02979,,661,662,298,,
331,2979,2987,219,Magcargo,02980,02981,02982,02983,02984,02985,02986,02987,02988,,663,664,299,,
332,2988,2996,220,Swinub,02989,02990,02991,02992,02993,02994,02995,02996,02997,,665,666,300,,
333,2997,3005,221,Piloswine,02998,02999,03000,03001,03002,03003,03004,03005,03006,,667,668,301,,
334,3006,3014,221,Female Piloswine,03007,03008,03009,03010,03011,03012,03013,03014,03015,,669,670,301,,
335,3015,3023,222,Corsola,03016,03017,03018,03019,03020,03021,03022,03023,03024,,671,672,302,,
336,3024,3032,223,Remoraid,03025,03026,03027,03028,03029,03030,03031,03032,03033,,673,674,303,,
337,3033,3041,224,Octillery,03034,03035,03036,03037,03038,03039,03040,03041,03042,,675,676,304,,
338,3042,3050,224,Female Octillery,03043,03044,03045,03046,03047,03048,03049,03050,03051,,677,678,304,,
339,3051,3059,225,Delibird,03052,03053,03054,03055,03056,03057,03058,03059,03060,,679,680,305,,
340,3060,3068,226,Mantine,03061,03062,03063,03064,03065,03066,03067,03068,03069,,681,682,306,,
341,3069,3077,227,Skarmory,03070,03071,03072,03073,03074,03075,03076,03077,03078,,683,684,307,,
342,3078,3086,228,Houndour,03079,03080,03081,03082,03083,03084,03085,03086,03087,,685,686,308,,
343,3087,3095,229,Houndoom,03088,03089,03090,03091,03092,03093,03094,03095,03096,,687,688,309,,
344,3096,3104,229,Female Houndoom,03097,03098,03099,03100,03101,03102,03103,03104,03105,,689,690,309,,
345,3105,3113,229,Mega Houndoom,03106,03107,03108,03109,03110,03111,03112,03113,03114,,691,692,310,,
346,3114,3122,230,Kingdra,03115,03116,03117,03118,03119,03120,03121,03122,03123,,693,694,311,,
347,3123,3131,231,Phanpy,03124,03125,03126,03127,03128,03129,03130,03131,03132,,695,696,312,,
348,3132,3140,232,Donphan,03133,03134,03135,03136,03137,03138,03139,03140,03141,,697,698,313,,
349,3141,3149,232,Female Donphan,03142,03143,03144,03145,03146,03147,03148,03149,03150,,699,700,313,,
350,3150,3158,233,Porygon2,03151,03152,03153,03154,03155,03156,03157,03158,03159,,701,702,314,,
351,3159,3167,234,Stantler,03160,03161,03162,03163,03164,03165,03166,03167,03168,,703,704,315,,
352,3168,3176,235,Smeargle,03169,03170,03171,03172,03173,03174,03175,03176,03177,,705,706,316,,
353,3177,3185,236,Tyrogue,03178,03179,03180,03181,03182,03183,03184,03185,03186,,707,708,317,,
354,3186,3194,237,Hitmontop,03187,03188,03189,03190,03191,03192,03193,03194,03195,,709,710,318,,
355,3195,3203,238,Smoochum,03196,03197,03198,03199,03200,03201,03202,03203,03204,,711,712,319,,
356,3204,3212,239,Elekid,03205,03206,03207,03208,03209,03210,03211,03212,03213,,713,714,320,,
357,3213,3221,240,Magby,03214,03215,03216,03217,03218,03219,03220,03221,03222,,715,716,321,,
358,3222,3230,241,Miltank,03223,03224,03225,03226,03227,03228,03229,03230,03231,,717,718,322,,
359,3231,3239,242,Blissey,03232,03233,03234,03235,03236,03237,03238,03239,03240,,719,720,323,,
360,3240,3248,243,Raikou,03241,03242,03243,03244,03245,03246,03247,03248,03249,,721,722,324,,
361,3249,3257,244,Entei,03250,03251,03252,03253,03254,03255,03256,03257,03258,,723,724,325,,
362,3258,3266,245,Suicune,03259,03260,03261,03262,03263,03264,03265,03266,03267,,725,726,326,,
363,3267,3275,246,Larvitar,03268,03269,03270,03271,03272,03273,03274,03275,03276,,727,728,327,,
364,3276,3284,247,Pupitar,03277,03278,03279,03280,03281,03282,03283,03284,03285,,729,730,328,,
365,3285,3293,248,Tyranitar,03286,03287,03288,03289,03290,03291,03292,03293,03294,,731,732,329,,
366,3294,3302,248,Mega Tyranitar,03295,03296,03297,03298,03299,03300,03301,03302,03303,,733,734,330,,
367,3303,3311,249,Lugia,03304,03305,03306,03307,03308,03309,03310,03311,03312,,735,736,331,,
368,3312,3320,250,Ho-Oh,03313,03314,03315,03316,03317,03318,03319,03320,03321,,737,738,332,,
369,3321,3329,251,Celebi,03322,03323,03324,03325,03326,03327,03328,03329,03330,,739,740,333,,
370,3330,3338,252,Treecko,03331,03332,03333,03334,03335,03336,03337,03338,03339,,741,742,334,,
371,3339,3347,253,Grovyle,03340,03341,03342,03343,03344,03345,03346,03347,03348,,743,744,335,,
372,3348,3356,254,Sceptile,03349,03350,03351,03352,03353,03354,03355,03356,03357,,745,746,336,,
373,3357,3365,254,Mega Sceptile,03358,03359,03360,03361,03362,03363,03364,03365,03366,,747,748,337,,
374,3366,3374,255,Torchic,03367,03368,03369,03370,03371,03372,03373,03374,03375,,749,750,338,,
375,3375,3383,255,Female Torchic,03376,03377,03378,03379,03380,03381,03382,03383,03384,,751,752,338,,
376,3384,3392,256,Combusken,03385,03386,03387,03388,03389,03390,03391,03392,03393,,753,754,339,,
377,3393,3401,256,Female Combusken,03394,03395,03396,03397,03398,03399,03400,03401,03402,,755,756,339,,
378,3402,3410,257,Blaziken,03403,03404,03405,03406,03407,03408,03409,03410,03411,,757,758,340,,
379,3411,3419,257,Female Blaziken,03412,03413,03414,03415,03416,03417,03418,03419,03420,,759,760,340,,
380,3420,3428,257,Mega Blaziken,03421,03422,03423,03424,03425,03426,03427,03428,03429,,761,762,341,,
381,3429,3437,258,Mudkip,03430,03431,03432,03433,03434,03435,03436,03437,03438,,763,764,342,,
382,3438,3446,259,Marshtomp,03439,03440,03441,03442,03443,03444,03445,03446,03447,,765,766,343,,
383,3447,3455,260,Swampert,03448,03449,03450,03451,03452,03453,03454,03455,03456,,767,768,344,,
384,3456,3464,260,Mega Swampert,03457,03458,03459,03460,03461,03462,03463,03464,03465,,769,770,345,,
385,3465,3473,261,Poochyena,03466,03467,03468,03469,03470,03471,03472,03473,03474,,771,772,346,,
386,3474,3482,262,Mightyena,03475,03476,03477,03478,03479,03480,03481,03482,03483,,773,774,347,,
387,3483,3491,263,Zigzagoon,03484,03485,03486,03487,03488,03489,03490,03491,03492,,775,776,348,,
388,3492,3500,264,Linoone,03493,03494,03495,03496,03497,03498,03499,03500,03501,,777,778,349,,
389,3501,3509,265,Wurmple,03502,03503,03504,03505,03506,03507,03508,03509,03510,,779,780,350,,
390,3510,3518,266,Silcoon,03511,03512,03513,03514,03515,03516,03517,03518,03519,,781,782,351,,
391,3519,3527,267,Beautifly,03520,03521,03522,03523,03524,03525,03526,03527,03528,,783,784,352,,
392,3528,3536,267,Female Beautifly,03529,03530,03531,03532,03533,03534,03535,03536,03537,,785,786,352,,
393,3537,3545,268,Cascoon,03538,03539,03540,03541,03542,03543,03544,03545,03546,,787,788,353,,
394,3546,3554,269,Dustox,03547,03548,03549,03550,03551,03552,03553,03554,03555,,789,790,354,,
395,3555,3563,269,Female Dusclops,03556,03557,03558,03559,03560,03561,03562,03563,03564,,791,792,354,,
396,3564,3572,270,Lotad,03565,03566,03567,03568,03569,03570,03571,03572,03573,,793,794,355,,
397,3573,3581,271,Lombre,03574,03575,03576,03577,03578,03579,03580,03581,03582,,795,796,356,,
398,3582,3590,272,Ludicolo,03583,03584,03585,03586,03587,03588,03589,03590,03591,,797,798,357,,
399,3591,3599,272,Female Ludicolo,03592,03593,03594,03595,03596,03597,03598,03599,03600,,799,800,357,,
400,3600,3608,273,Seedot,03601,03602,03603,03604,03605,03606,03607,03608,03609,,801,802,358,,
401,3609,3617,274,Nuzleaf,03610,03611,03612,03613,03614,03615,03616,03617,03618,,803,804,359,,
402,3618,3626,274,Female Nuzleaf,03619,03620,03621,03622,03623,03624,03625,03626,03627,,805,806,359,,
403,3627,3635,275,Shiftry,03628,03629,03630,03631,03632,03633,03634,03635,03636,,807,808,360,,
404,3636,3644,275,Female Shiftry,03637,03638,03639,03640,03641,03642,03643,03644,03645,,809,810,360,,
405,3645,3653,276,Taillow,03646,03647,03648,03649,03650,03651,03652,03653,03654,,811,812,361,,
406,3654,3662,277,Swellow,03655,03656,03657,03658,03659,03660,03661,03662,03663,,813,814,362,,
407,3663,3671,278,Wingull,03664,03665,03666,03667,03668,03669,03670,03671,03672,,815,816,363,,
408,3672,3680,279,Pelipper,03673,03674,03675,03676,03677,03678,03679,03680,03681,,817,818,364,,
409,3681,3689,280,Ralts,03682,03683,03684,03685,03686,03687,03688,03689,03690,,819,820,365,,
410,3690,3698,281,Kirlia,03691,03692,03693,03694,03695,03696,03697,03698,03699,,821,822,366,,
411,3699,3707,282,Gardevoir,03700,03701,03702,03703,03704,03705,03706,03707,03708,,823,824,367,,
412,3708,3716,282,Mega Gardevoir,03709,03710,03711,03712,03713,03714,03715,03716,03717,,825,826,368,,
413,3717,3725,283,Surskit,03718,03719,03720,03721,03722,03723,03724,03725,03726,,827,828,369,,
414,3726,3734,284,Masquerain,03727,03728,03729,03730,03731,03732,03733,03734,03735,,829,830,370,,
415,3735,3743,285,Shroomish,03736,03737,03738,03739,03740,03741,03742,03743,03744,,831,832,371,,
416,3744,3752,286,Breloom,03745,03746,03747,03748,03749,03750,03751,03752,03753,,833,834,372,,
417,3753,3761,287,Slakoth,03754,03755,03756,03757,03758,03759,03760,03761,03762,,835,836,373,,
418,3762,3770,288,Vigoroth,03763,03764,03765,03766,03767,03768,03769,03770,03771,,837,838,374,,
419,3771,3779,289,Slaking,03772,03773,03774,03775,03776,03777,03778,03779,03780,,839,840,375,,
420,3780,3788,290,Nincada,03781,03782,03783,03784,03785,03786,03787,03788,03789,,841,842,376,,
421,3789,3797,291,Ninjask,03790,03791,03792,03793,03794,03795,03796,03797,03798,,843,844,377,,
422,3798,3806,292,Shedinja,03799,03800,03801,03802,03803,03804,03805,03806,03807,,845,846,378,,
423,3807,3815,293,Whismur,03808,03809,03810,03811,03812,03813,03814,03815,03816,,847,848,379,,
424,3816,3824,294,Loudred,03817,03818,03819,03820,03821,03822,03823,03824,03825,,849,850,380,,
425,3825,3833,295,Exploud,03826,03827,03828,03829,03830,03831,03832,03833,03834,,851,852,381,,
426,3834,3842,296,Makuhita,03835,03836,03837,03838,03839,03840,03841,03842,03843,,853,854,382,,
427,3843,3851,297,Hariyama,03844,03845,03846,03847,03848,03849,03850,03851,03852,,855,856,383,,
428,3852,3860,298,Azurill,03853,03854,03855,03856,03857,03858,03859,03860,03861,,857,858,384,,
429,3861,3869,299,Nosepass,03862,03863,03864,03865,03866,03867,03868,03869,03870,,859,860,385,,
430,3870,3878,300,Skitty,03871,03872,03873,03874,03875,03876,03877,03878,03879,,861,862,386,,
431,3879,3887,301,Delcatty,03880,03881,03882,03883,03884,03885,03886,03887,03888,,863,864,387,,
432,3888,3896,302,Sableye,03889,03890,03891,03892,03893,03894,03895,03896,03897,,865,866,388,,
433,3897,3905,302,Mega Sableye,03898,03899,03900,03901,03902,03903,03904,03905,03906,,867,868,389,,
434,3906,3914,303,Mawile,03907,03908,03909,03910,03911,03912,03913,03914,03915,,869,870,390,,
435,3915,3923,303,Mega Mawile,03916,03917,03918,03919,03920,03921,03922,03923,03924,,871,872,391,,
436,3924,3932,304,Aron,03925,03926,03927,03928,03929,03930,03931,03932,03933,,873,874,392,,
437,3933,3941,305,Lairon,03934,03935,03936,03937,03938,03939,03940,03941,03942,,875,876,393,,
438,3942,3950,306,Aggron,03943,03944,03945,03946,03947,03948,03949,03950,03951,,877,878,394,,
439,3951,3959,306,Mega Aggron,03952,03953,03954,03955,03956,03957,03958,03959,03960,,879,880,395,,
440,3960,3968,307,Meditite,03961,03962,03963,03964,03965,03966,03967,03968,03969,,881,882,396,,
441,3969,3977,307,Female Meditite,03970,03971,03972,03973,03974,03975,03976,03977,03978,,883,884,396,,
442,3978,3986,308,Medicham,03979,03980,03981,03982,03983,03984,03985,03986,03987,,885,886,397,,
443,3987,3995,308,Female Medicham,03988,03989,03990,03991,03992,03993,03994,03995,03996,,887,888,397,,
444,3996,4004,308,Mega Medicham,03997,03998,03999,04000,04001,04002,04003,04004,04005,,889,890,398,,
445,4005,4013,309,Electrike,04006,04007,04008,04009,04010,04011,04012,04013,04014,,891,892,399,,
446,4014,4022,310,Manectric,04015,04016,04017,04018,04019,04020,04021,04022,04023,,893,894,400,,
447,4023,4031,310,Mega Manectric,04024,04025,04026,04027,04028,04029,04030,04031,04032,,895,896,401,,
448,4032,4040,311,Plusle,04033,04034,04035,04036,04037,04038,04039,04040,04041,,897,898,402,,
449,4041,4049,312,Minun,04042,04043,04044,04045,04046,04047,04048,04049,04050,,899,900,403,,
450,4050,4058,313,Volbeat,04051,04052,04053,04054,04055,04056,04057,04058,04059,,901,902,404,,
451,4059,4067,314,Illumise,04060,04061,04062,04063,04064,04065,04066,04067,04068,,903,904,405,,
452,4068,4076,315,Roselia,04069,04070,04071,04072,04073,04074,04075,04076,04077,,905,906,406,,
453,4077,4085,315,Female Roselia,04078,04079,04080,04081,04082,04083,04084,04085,04086,,907,908,406,,
454,4086,4094,316,Gulpin,04087,04088,04089,04090,04091,04092,04093,04094,04095,,909,910,407,,
455,4095,4103,316,Female Gulpin,04096,04097,04098,04099,04100,04101,04102,04103,04104,,911,912,407,,
456,4104,4112,317,Swalot,04105,04106,04107,04108,04109,04110,04111,04112,04113,,913,914,408,,
457,4113,4121,317,Female Swalot,04114,04115,04116,04117,04118,04119,04120,04121,04122,,915,916,408,,
458,4122,4130,318,Carvanha,04123,04124,04125,04126,04127,04128,04129,04130,04131,,917,918,409,,
459,4131,4139,319,Sharpedo,04132,04133,04134,04135,04136,04137,04138,04139,04140,,919,920,410,,
460,4140,4148,319,Mega Sharpedo,04141,04142,04143,04144,04145,04146,04147,04148,04149,,921,922,411,,
461,4149,4157,320,Wailmer,04150,04151,04152,04153,04154,04155,04156,04157,04158,,923,924,412,,
462,4158,4166,321,Wailord,04159,04160,04161,04162,04163,04164,04165,04166,04167,,925,926,413,,
463,4167,4175,322,Numel,04168,04169,04170,04171,04172,04173,04174,04175,04176,,927,928,414,,
464,4176,4184,322,Female Numel,04177,04178,04179,04180,04181,04182,04183,04184,04185,,929,930,414,,
465,4185,4193,323,Camerupt,04186,04187,04188,04189,04190,04191,04192,04193,04194,,931,932,415,,
466,4194,4202,323,Female Camerupt,04195,04196,04197,04198,04199,04200,04201,04202,04203,,933,934,415,,
467,4203,4211,323,Mega Camerupt,04204,04205,04206,04207,04208,04209,04210,04211,04212,,935,936,416,,
468,4212,4220,324,Torkoal,04213,04214,04215,04216,04217,04218,04219,04220,04221,,937,938,417,,
469,4221,4229,325,Spoink,04222,04223,04224,04225,04226,04227,04228,04229,04230,,939,940,418,,
470,4230,4238,326,Grumpig,04231,04232,04233,04234,04235,04236,04237,04238,04239,,941,942,419,,
471,4239,4247,327,Spinda,04240,04241,04242,04243,04244,04245,04246,04247,04248,,943,944,420,,
472,4248,4256,328,Trapinch,04249,04250,04251,04252,04253,04254,04255,04256,04257,,945,946,421,,
473,4257,4265,329,Vibrava,04258,04259,04260,04261,04262,04263,04264,04265,04266,,947,948,422,,
474,4266,4274,330,Flygon,04267,04268,04269,04270,04271,04272,04273,04274,04275,,949,950,423,,
475,4275,4283,331,Cacnea,04276,04277,04278,04279,04280,04281,04282,04283,04284,,951,952,424,,
476,4284,4292,332,Cacturne,04285,04286,04287,04288,04289,04290,04291,04292,04293,,953,954,425,,
477,4293,4301,332,Female Cacturne,04294,04295,04296,04297,04298,04299,04300,04301,04302,,955,956,425,,
478,4302,4310,333,Swablu,04303,04304,04305,04306,04307,04308,04309,04310,04311,,957,958,426,,
479,4311,4319,334,Altaria,04312,04313,04314,04315,04316,04317,04318,04319,04320,,959,960,427,,
480,4320,4328,334,Mega Altaria,04321,04322,04323,04324,04325,04326,04327,04328,04329,,961,962,428,,
481,4329,4337,335,Zangoose,04330,04331,04332,04333,04334,04335,04336,04337,04338,,963,964,429,,
482,4338,4346,336,Seviper,04339,04340,04341,04342,04343,04344,04345,04346,04347,,965,966,430,,
483,4347,4355,337,Lunatone,04348,04349,04350,04351,04352,04353,04354,04355,04356,,967,968,431,,
484,4356,4364,338,Solrock,04357,04358,04359,04360,04361,04362,04363,04364,04365,,969,970,432,,
485,4365,4373,338,Barbroach,04366,04367,04368,04369,04370,04371,04372,04373,04374,,971,972,433,,
486,4374,4382,340,Whiscash,04375,04376,04377,04378,04379,04380,04381,04382,04383,,973,974,434,,
487,4383,4391,341,Corphish,04384,04385,04386,04387,04388,04389,04390,04391,04392,,975,976,435,,
488,4392,4400,342,Crawdaunt,04393,04394,04395,04396,04397,04398,04399,04400,04401,,977,978,436,,
489,4401,4409,343,Baltoy,04402,04403,04404,04405,04406,04407,04408,04409,04410,,979,980,437,,
490,4410,4418,344,Claydol,04411,04412,04413,04414,04415,04416,04417,04418,04419,,981,982,438,,
491,4419,4427,345,Lileep,04420,04421,04422,04423,04424,04425,04426,04427,04428,,983,984,439,,
492,4428,4436,346,Cradily,04429,04430,04431,04432,04433,04434,04435,04436,04437,,985,986,440,,
493,4437,4445,347,Anorith,04438,04439,04440,04441,04442,04443,04444,04445,04446,,987,988,441,,
494,4446,4454,348,Armaldo,04447,04448,04449,04450,04451,04452,04453,04454,04455,,989,990,442,,
495,4455,4463,349,Feebas,04456,04457,04458,04459,04460,04461,04462,04463,04464,,991,992,443,,
496,4464,4472,350,Milotic,04465,04466,04467,04468,04469,04470,04471,04472,04473,,993,994,444,,
497,4473,4481,350,Female Milotic,04474,04475,04476,04477,04478,04479,04480,04481,04482,,995,996,444,,
498,4482,4490,351,Castform,04483,04484,04485,04486,04487,04488,04489,04490,04491,,997,998,445,,
499,4491,4499,351,Castform Sunny,04492,04493,04494,04495,04496,04497,04498,04499,04500,,999,1000,446,,
500,4500,4508,351,Castform Rainy,04501,04502,04503,04504,04505,04506,04507,04508,04509,,1001,1002,447,,
501,4509,4517,351,Castform Snowy,04510,04511,04512,04513,04514,04515,04516,04517,04518,,1003,1004,448,,
502,4518,4526,352,Kecleon,04519,04520,04521,04522,04523,04524,04525,04526,04527,,1005,1006,449,,
503,4527,4535,353,Shuppet,04528,04529,04530,04531,04532,04533,04534,04535,04536,,1007,1008,450,,
504,4536,4544,354,Banette,04537,04538,04539,04540,04541,04542,04543,04544,04545,,1009,1010,451,,
505,4545,4553,354,Mega Banette,04546,04547,04548,04549,04550,04551,04552,04553,04554,,1011,1012,452,,
506,4554,4562,355,Duskull,04555,04556,04557,04558,04559,04560,04561,04562,04563,,1013,1014,453,,
507,4563,4571,356,Dusclops,04564,04565,04566,04567,04568,04569,04570,04571,04572,,1015,1016,454,,
508,4572,4580,357,Tropius,04573,04574,04575,04576,04577,04578,04579,04580,04581,,1017,1018,455,,
509,4581,4589,358,Chimecho,04582,04583,04584,04585,04586,04587,04588,04589,04590,,1019,1020,456,,
510,4590,4598,359,Absol,04591,04592,04593,04594,04595,04596,04597,04598,04599,,1021,1022,457,,
511,4599,4607,359,Mega Absol,04600,04601,04602,04603,04604,04605,04606,04607,04608,,1023,1024,458,,
512,4608,4616,360,Wynaut,04609,04610,04611,04612,04613,04614,04615,04616,04617,,1025,1026,459,,
513,4617,4625,361,Snorunt,04618,04619,04620,04621,04622,04623,04624,04625,04626,,1027,1028,460,,
514,4626,4634,362,Glalie,04627,04628,04629,04630,04631,04632,04633,04634,04635,,1029,1030,461,,
515,4635,4643,362,Mega Glalie,04636,04637,04638,04639,04640,04641,04642,04643,04644,,1031,1032,462,,
516,4644,4652,363,Spheal,04645,04646,04647,04648,04649,04650,04651,04652,04653,,1033,1034,463,,
517,4653,4661,364,Sealeo,04654,04655,04656,04657,04658,04659,04660,04661,04662,,1035,1036,464,,
518,4662,4670,365,Walrein,04663,04664,04665,04666,04667,04668,04669,04670,04671,,1037,1038,465,,
519,4671,4679,366,Clamperl,04672,04673,04674,04675,04676,04677,04678,04679,04680,,1039,1040,466,,
520,4680,4688,367,Huntail,04681,04682,04683,04684,04685,04686,04687,04688,04689,,1041,1042,467,,
521,4689,4697,368,Gorebyss,04690,04691,04692,04693,04694,04695,04696,04697,04698,,1043,1044,468,,
522,4698,4706,369,Relicanth,04699,04700,04701,04702,04703,04704,04705,04706,04707,,1045,1046,469,,
523,4707,4715,369,Female Relicanth,04708,04709,04710,04711,04712,04713,04714,04715,04716,,1047,1048,469,,
524,4716,4724,370,Luvdisc,04717,04718,04719,04720,04721,04722,04723,04724,04725,,1049,1050,470,,
525,4725,4733,371,Bagon,04726,04727,04728,04729,04730,04731,04732,04733,04734,,1051,1052,471,,
526,4734,4742,372,Shelgon,04735,04736,04737,04738,04739,04740,04741,04742,04743,,1053,1054,472,,
527,4743,4751,373,Salamence,04744,04745,04746,04747,04748,04749,04750,04751,04752,,1055,1056,473,,
528,4752,4760,373,Mega Salamence,04753,04754,04755,04756,04757,04758,04759,04760,04761,,1057,1058,474,,
529,4761,4769,374,Beldum,04762,04763,04764,04765,04766,04767,04768,04769,04770,,1059,1060,475,,
530,4770,4778,375,Metang,04771,04772,04773,04774,04775,04776,04777,04778,04779,,1061,1062,476,,
531,4779,4787,376,Metagross,04780,04781,04782,04783,04784,04785,04786,04787,04788,,1063,1064,477,,
532,4788,4796,376,Mega Metagross,04789,04790,04791,04792,04793,04794,04795,04796,04797,,1065,1066,478,,
533,4797,4805,377,Regirock,04798,04799,04800,04801,04802,04803,04804,04805,04806,,1067,1068,479,,
534,4806,4814,378,Regice,04807,04808,04809,04810,04811,04812,04813,04814,04815,,1069,1070,480,,
535,4815,4823,379,Registeel,04816,04817,04818,04819,04820,04821,04822,04823,04824,,1071,1072,481,,
536,4824,4832,380,Latias,04825,04826,04827,04828,04829,04830,04831,04832,04833,,1073,1074,482,,
537,4833,4841,380,Mega Latias,04834,04835,04836,04837,04838,04839,04840,04841,04842,,1075,1076,483,,
538,4842,4850,381,Latios,04843,04844,04845,04846,04847,04848,04849,04850,04851,,1077,1078,484,,
539,4851,4859,381,Mega Latios,04852,04853,04854,04855,04856,04857,04858,04859,04860,,1079,1080,485,,
540,4860,4868,382,Kyogre,04861,04862,04863,04864,04865,04866,04867,04868,04869,,1081,1082,486,,
541,4869,4877,382,Primal Kyogre,04870,04871,04872,04873,04874,04875,04876,04877,04878,,1083,1084,487,,
542,4878,4886,383,Groudon,04879,04880,04881,04882,04883,04884,04885,04886,04887,,1085,1086,488,,
543,4887,4895,383,Primal Groudon,04888,04889,04890,04891,04892,04893,04894,04895,04896,,1087,1088,489,,
544,4896,4904,384,Rayquaza,04897,04898,04899,04900,04901,04902,04903,04904,04905,,1089,1090,490,,
545,4905,4913,384,Mega Rayquaza,04906,04907,04908,04909,04910,04911,04912,04913,04914,,1091,1092,491,,
546,4914,4922,385,Jirachi,04915,04916,04917,04918,04919,04920,04921,04922,04923,,1093,1094,492,,
547,4923,4931,385,Deoxys (Normal),04924,04925,04926,04927,04928,04929,04930,04931,04932,,1095,1096,493,,
548,4932,4940,385,Deoxys (Attack),04933,04934,04935,04936,04937,04938,04939,04940,04941,,1097,1098,494,,
549,4941,4949,385,Deoxys (Defense),04942,04943,04944,04945,04946,04947,04948,04949,04950,,1099,1100,495,,
550,4950,4958,385,Deoxys (Speed),04951,04952,04953,04954,04955,04956,04957,04958,04959,,1101,1102,496,,
551,4959,4967,387,Turtwig,04960,04961,04962,04963,04964,04965,04966,04967,04968,,1103,1104,497,,
552,4968,4976,388,Grotle,04969,04970,04971,04972,04973,04974,04975,04976,04977,,1105,1106,498,,
553,4977,4985,389,Torterra,04978,04979,04980,04981,04982,04983,04984,04985,04986,,1107,1108,499,,
554,4986,4994,390,Chimchar,04987,04988,04989,04990,04991,04992,04993,04994,04995,,1109,1110,500,,
555,4995,5003,391,Monferno,04996,04997,04998,04999,05000,05001,05002,05003,05004,,1111,1112,501,,
556,5004,5012,392,Infernape,05005,05006,05007,05008,05009,05010,05011,05012,05013,,1113,1114,502,,
557,5013,5021,393,Piplup,05014,05015,05016,05017,05018,05019,05020,05021,05022,,1115,1116,503,,
558,5022,5030,394,Prinplup,05023,05024,05025,05026,05027,05028,05029,05030,05031,,1117,1118,504,,
559,5031,5039,395,Empoleon,05032,05033,05034,05035,05036,05037,05038,05039,05040,,1119,1120,505,,
560,5040,5048,396,Starly,05041,05042,05043,05044,05045,05046,05047,05048,05049,,1121,1122,506,,
561,5049,5057,396,Female Starly,05050,05051,05052,05053,05054,05055,05056,05057,05058,,1123,1124,506,,
562,5058,5066,397,Staravia,05059,05060,05061,05062,05063,05064,05065,05066,05067,,1125,1126,507,,
563,5067,5075,397,Female Staravia,05068,05069,05070,05071,05072,05073,05074,05075,05076,,1127,1128,507,,
564,5076,5084,398,Staraptor,05077,05078,05079,05080,05081,05082,05083,05084,05085,,1129,1130,508,,
565,5085,5093,398,Female Staraptor,05086,05087,05088,05089,05090,05091,05092,05093,05094,,1131,1132,508,,
566,5094,5102,399,Bidoof,05095,05096,05097,05098,05099,05100,05101,05102,05103,,1133,1134,509,,
567,5103,5111,399,Female Bidoof,05104,05105,05106,05107,05108,05109,05110,05111,05112,,1135,1136,509,,
568,5112,5120,400,Bibarel,05113,05114,05115,05116,05117,05118,05119,05120,05121,,1137,1138,510,,
569,5121,5129,400,Female Bibarel,05122,05123,05124,05125,05126,05127,05128,05129,05130,,1139,1140,510,,
570,5130,5138,401,Kricketot,05131,05132,05133,05134,05135,05136,05137,05138,05139,,1141,1142,511,,
571,5139,5147,401,Female Kricketot,05140,05141,05142,05143,05144,05145,05146,05147,05148,,1143,1144,511,,
572,5148,5156,402,Kricketune,05149,05150,05151,05152,05153,05154,05155,05156,05157,,1145,1146,512,,
573,5157,5165,402,Female Kricketune,05158,05159,05160,05161,05162,05163,05164,05165,05166,,1147,1148,512,,
574,5166,5174,403,Shinx,05167,05168,05169,05170,05171,05172,05173,05174,05175,,1149,1150,513,,
575,5175,5183,403,Female Shinx,05176,05177,05178,05179,05180,05181,05182,05183,05184,,1151,1152,513,,
576,5184,5192,404,Luxio,05185,05186,05187,05188,05189,05190,05191,05192,05193,,1153,1154,514,,
577,5193,5201,404,Female Luxio,05194,05195,05196,05197,05198,05199,05200,05201,05202,,1155,1156,514,,
578,5202,5210,405,Luxray,05203,05204,05205,05206,05207,05208,05209,05210,05211,,1157,1158,515,,
579,5211,5219,405,Female Luxray,05212,05213,05214,05215,05216,05217,05218,05219,05220,,1159,1160,515,,
580,5220,5228,406,Budew,05221,05222,05223,05224,05225,05226,05227,05228,05229,,1161,1162,516,,
581,5229,5237,407,Roserade,05230,05231,05232,05233,05234,05235,05236,05237,05238,,1163,1164,517,,
582,5238,5246,407,Female Roserade,05239,05240,05241,05242,05243,05244,05245,05246,05247,,1165,1166,517,,
583,5247,5255,408,Cranidos,05248,05249,05250,05251,05252,05253,05254,05255,05256,,1167,1168,518,,
584,5256,5264,408,Ramparados,05257,05258,05259,05260,05261,05262,05263,05264,05265,,1169,1170,519,,
585,5265,5273,410,Shieldon,05266,05267,05268,05269,05270,05271,05272,05273,05274,,1171,1172,520,,
586,5274,5282,411,Bastiodon,05275,05276,05277,05278,05279,05280,05281,05282,05283,,1173,1174,521,,
587,5283,5291,411,Burmy (Plant),05284,05285,05286,05287,05288,05289,05290,05291,05292,,1175,1176,522,,
588,5292,5300,411,Burmy (Sandy),05293,05294,05295,05296,05297,05298,05299,05300,05301,,1177,1178,523,,
589,5301,5309,411,Burmy (Trash),05302,05303,05304,05305,05306,05307,05308,05309,05310,,1179,1180,524,,
590,5310,5318,411,Wormadam (Plant),05311,05312,05313,05314,05315,05316,05317,05318,05319,,1181,1182,525,,
591,5319,5327,411,Wormadam (Sandy),05320,05321,05322,05323,05324,05325,05326,05327,05328,,1183,1184,526,,
592,5328,5336,411,Wormadam (Trash),05329,05330,05331,05332,05333,05334,05335,05336,05337,,1185,1186,527,,
593,5337,5345,414,Mothim,05338,05339,05340,05341,05342,05343,05344,05345,05346,,1187,1188,528,,
594,5346,5354,415,Combee,05347,05348,05349,05350,05351,05352,05353,05354,05355,,1189,1190,529,,
595,5355,5363,415,Female Combee,05356,05357,05358,05359,05360,05361,05362,05363,05364,,1191,1192,529,,
596,5364,5372,416,Vespiquen,05365,05366,05367,05368,05369,05370,05371,05372,05373,,1193,1194,530,,
597,5373,5381,417,Pachirisu,05374,05375,05376,05377,05378,05379,05380,05381,05382,,1195,1196,531,,
598,5382,5390,417,Female Pachirisu,05383,05384,05385,05386,05387,05388,05389,05390,05391,,1197,1198,531,,
599,5391,5399,418,Buizel,05392,05393,05394,05395,05396,05397,05398,05399,05400,,1199,1200,532,,
600,5400,5408,418,Female Buizel,05401,05402,05403,05404,05405,05406,05407,05408,05409,,1201,1202,532,,
601,5409,5417,419,Floatzel,05410,05411,05412,05413,05414,05415,05416,05417,05418,,1203,1204,533,,
602,5418,5426,419,Female Floatzel,05419,05420,05421,05422,05423,05424,05425,05426,05427,,1205,1206,533,,
603,5427,5435,420,Cherubi,05428,05429,05430,05431,05432,05433,05434,05435,05436,,1207,1208,534,,
604,5436,5444,420,Cherrim (Overcast),05437,05438,05439,05440,05441,05442,05443,05444,05445,,1209,1210,535,,
605,5445,5453,420,Cherrim (Sunshine),05446,05447,05448,05449,05450,05451,05452,05453,05454,,1211,1212,536,,
606,5454,5462,420,Shellos (West),05455,05456,05457,05458,05459,05460,05461,05462,05463,,1213,1214,537,,
607,5463,5471,420,Shellos (East),05464,05465,05466,05467,05468,05469,05470,05471,05472,,1215,1216,538,,
608,5472,5480,420,Gastrodon (West),05473,05474,05475,05476,05477,05478,05479,05480,05481,,1217,1218,539,,
609,5481,5489,420,Gastrodon (East),05482,05483,05484,05485,05486,05487,05488,05489,05490,,1219,1220,540,,
610,5490,5498,424,Ambipom,05491,05492,05493,05494,05495,05496,05497,05498,05499,,1221,1222,541,,
611,5499,5507,424,Female Ambipom,05500,05501,05502,05503,05504,05505,05506,05507,05508,,1223,1224,541,,
612,5508,5516,425,Drifloon,05509,05510,05511,05512,05513,05514,05515,05516,05517,,1225,1226,542,,
613,5517,5525,426,Drifblim,05518,05519,05520,05521,05522,05523,05524,05525,05526,,1227,1228,543,,
614,5526,5534,427,Buneary,05527,05528,05529,05530,05531,05532,05533,05534,05535,,1229,1230,544,,
615,5535,5543,428,Lopunny,05536,05537,05538,05539,05540,05541,05542,05543,05544,,1231,1232,545,,
616,5544,5552,428,Mega Lopunny,05545,05546,05547,05548,05549,05550,05551,05552,05553,,1233,1234,546,,
617,5553,5561,429,Mismagius,05554,05555,05556,05557,05558,05559,05560,05561,05562,,1235,1236,547,,
618,5562,5570,430,Honchkrow,05563,05564,05565,05566,05567,05568,05569,05570,05571,,1237,1238,548,,
619,5571,5579,431,Glameow,05572,05573,05574,05575,05576,05577,05578,05579,05580,,1239,1240,549,,
620,5580,5588,431,Purrugly,05581,05582,05583,05584,05585,05586,05587,05588,05589,,1241,1242,550,,
621,5589,5597,433,Chingling,05590,05591,05592,05593,05594,05595,05596,05597,05598,,1243,1244,551,,
622,5598,5606,434,Stunky,05599,05600,05601,05602,05603,05604,05605,05606,05607,,1245,1246,552,,
623,5607,5615,435,Skuntank,05608,05609,05610,05611,05612,05613,05614,05615,05616,,1247,1248,553,,
624,5616,5624,436,Bronzor,05617,05618,05619,05620,05621,05622,05623,05624,05625,,1249,1250,554,,
625,5625,5633,437,Bronzong,05626,05627,05628,05629,05630,05631,05632,05633,05634,,1251,1252,555,,
626,5634,5642,438,Bonsly,05635,05636,05637,05638,05639,05640,05641,05642,05643,,1253,1254,556,,
627,5643,5651,439,Mime Jr.,05644,05645,05646,05647,05648,05649,05650,05651,05652,,1255,1256,557,,
628,5652,5660,440,Happiny,05653,05654,05655,05656,05657,05658,05659,05660,05661,,1257,1258,558,,
629,5661,5669,441,Chatot,05662,05663,05664,05665,05666,05667,05668,05669,05670,,1259,1260,559,,
630,5670,5678,442,Spiritomb,05671,05672,05673,05674,05675,05676,05677,05678,05679,,1261,1262,560,,
631,5679,5687,443,Gible,05680,05681,05682,05683,05684,05685,05686,05687,05688,,1263,1264,561,,
632,5688,5696,443,Female Gible,05689,05690,05691,05692,05693,05694,05695,05696,05697,,1265,1266,561,,
633,5697,5705,444,Gabite,05698,05699,05700,05701,05702,05703,05704,05705,05706,,1267,1268,562,,
634,5706,5714,444,Female Gabite,05707,05708,05709,05710,05711,05712,05713,05714,05715,,1269,1270,562,,
635,5715,5723,445,Garchomp,05716,05717,05718,05719,05720,05721,05722,05723,05724,,1271,1272,563,,
636,5724,5732,445,Female Garchomp,05725,05726,05727,05728,05729,05730,05731,05732,05733,,1273,1274,563,,
637,5733,5741,445,Mega Garchomp,05734,05735,05736,05737,05738,05739,05740,05741,05742,,1275,1276,564,,
638,5742,5750,446,Munchlax,05743,05744,05745,05746,05747,05748,05749,05750,05751,,1277,1278,565,,
639,5751,5759,447,Riolu,05752,05753,05754,05755,05756,05757,05758,05759,05760,,1279,1280,566,,
640,5760,5768,448,Lucario,05761,05762,05763,05764,05765,05766,05767,05768,05769,,1281,1282,567,,
641,5769,5777,448,Mega Lucario,05770,05771,05772,05773,05774,05775,05776,05777,05778,,1283,1284,568,,
642,5778,5786,449,Hippopotas,05779,05780,05781,05782,05783,05784,05785,05786,05787,,1285,1286,569,,
643,5787,5795,449,Female Hippopotas,05788,05789,05790,05791,05792,05793,05794,05795,05796,,1287,1288,569,,
644,5796,5804,450,Hippowdon,05797,05798,05799,05800,05801,05802,05803,05804,05805,,1289,1290,570,,
645,5805,5813,450,Female Hippowdon,05806,05807,05808,05809,05810,05811,05812,05813,05814,,1291,1292,570,,
646,5814,5822,451,Skorupi,05815,05816,05817,05818,05819,05820,05821,05822,05823,,1293,1294,571,,
647,5823,5831,452,Drapion,05824,05825,05826,05827,05828,05829,05830,05831,05832,,1295,1296,572,,
648,5832,5840,453,Croagunk,05833,05834,05835,05836,05837,05838,05839,05840,05841,,1297,1298,573,,
649,5841,5849,453,Female Croagunk,05842,05843,05844,05845,05846,05847,05848,05849,05850,,1299,1300,573,,
650,5850,5858,454,Toxicroak,05851,05852,05853,05854,05855,05856,05857,05858,05859,,1301,1302,574,,
651,5859,5867,454,Female Toxicroak,05860,05861,05862,05863,05864,05865,05866,05867,05868,,1303,1304,574,,
652,5868,5876,455,Carnivine,05869,05870,05871,05872,05873,05874,05875,05876,05877,,1305,1306,575,,
653,5877,5885,456,Finneon,05878,05879,05880,05881,05882,05883,05884,05885,05886,,1307,1308,576,,
654,5886,5894,456,Female Finneon,05887,05888,05889,05890,05891,05892,05893,05894,05895,,1309,1310,576,,
655,5895,5903,457,Lumineon,05896,05897,05898,05899,05900,05901,05902,05903,05904,,1311,1312,577,,
656,5904,5912,457,Female Lumineon,05905,05906,05907,05908,05909,05910,05911,05912,05913,,1313,1314,577,,
657,5913,5921,458,Mantyke,05914,05915,05916,05917,05918,05919,05920,05921,05922,,1315,1316,578,,
658,5922,5930,459,Snover,05923,05924,05925,05926,05927,05928,05929,05930,05931,,1317,1318,579,,
659,5931,5939,459,Female Snover,05932,05933,05934,05935,05936,05937,05938,05939,05940,,1319,1320,579,,
660,5940,5948,460,Abomasnow,05941,05942,05943,05944,05945,05946,05947,05948,05949,,1321,1322,580,,
661,5949,5957,460,Female Abomasnow,05950,05951,05952,05953,05954,05955,05956,05957,05958,,1323,1324,580,,
662,5958,5966,460,Mega Abomasnow,05959,05960,05961,05962,05963,05964,05965,05966,05967,,1325,1326,581,,
663,5967,5975,461,Weavile,05968,05969,05970,05971,05972,05973,05974,05975,05976,,1327,1328,582,,
664,5976,5984,461,Female Weavile,05977,05978,05979,05980,05981,05982,05983,05984,05985,,1329,1330,582,,
665,5985,5993,462,Magnezone,05986,05987,05988,05989,05990,05991,05992,05993,05994,,1331,1332,583,,
666,5994,6002,463,Lickilicky,05995,05996,05997,05998,05999,06000,06001,06002,06003,,1333,1334,584,,
667,6003,6011,463,Rhypherior,06004,06005,06006,06007,06008,06009,06010,06011,06012,,1335,1336,585,,
668,6012,6020,463,Female Rhypherior,06013,06014,06015,06016,06017,06018,06019,06020,06021,,1337,1338,585,,
669,6021,6029,465,Tangrowth,06022,06023,06024,06025,06026,06027,06028,06029,06030,,1339,1340,586,,
670,6030,6038,465,Female Tangrowth,06031,06032,06033,06034,06035,06036,06037,06038,06039,,1341,1342,586,,
671,6039,6047,466,Electivire,06040,06041,06042,06043,06044,06045,06046,06047,06048,,1343,1344,587,,
672,6048,6056,467,Magmortar,06049,06050,06051,06052,06053,06054,06055,06056,06057,,1345,1346,588,,
673,6057,6065,468,Togekiss,06058,06059,06060,06061,06062,06063,06064,06065,06066,,1347,1348,589,,
674,6066,6074,469,Yanmega,06067,06068,06069,06070,06071,06072,06073,06074,06075,,1349,1350,590,,
675,6075,6083,470,Leafeon,06076,06077,06078,06079,06080,06081,06082,06083,06084,,1351,1352,591,,
676,6084,6092,471,Glaceon,06085,06086,06087,06088,06089,06090,06091,06092,06093,,1353,1354,592,,
677,6093,6101,472,Gliscor,06094,06095,06096,06097,06098,06099,06100,06101,06102,,1355,1356,593,,
678,6102,6110,473,Mamoswine,06103,06104,06105,06106,06107,06108,06109,06110,06111,,1357,1358,594,,
679,6111,6119,473,Female Mamoswine,06112,06113,06114,06115,06116,06117,06118,06119,06120,,1359,1360,594,,
680,6120,6128,474,Porygon-Z,06121,06122,06123,06124,06125,06126,06127,06128,06129,,1361,1362,595,,
681,6129,6137,475,Gallade,06130,06131,06132,06133,06134,06135,06136,06137,06138,,1363,1364,596,,
682,6138,6146,475,Mega Gallade,06139,06140,06141,06142,06143,06144,06145,06146,06147,,1365,1366,597,,
683,6147,6155,476,Probopass,06148,06149,06150,06151,06152,06153,06154,06155,06156,,1367,1368,598,,
684,6156,6164,477,Dusknoir,06157,06158,06159,06160,06161,06162,06163,06164,06165,,1369,1370,599,,
685,6165,6173,478,Froslass,06166,06167,06168,06169,06170,06171,06172,06173,06174,,1371,1372,600,,
686,6174,6182,478,Rotom (Normal),06175,06176,06177,06178,06179,06180,06181,06182,06183,,1373,1374,601,,
687,6183,6191,478,Rotom (Heat),06184,06185,06186,06187,06188,06189,06190,06191,06192,,1375,1376,602,,
688,6192,6200,478,Rotom (Wash),06193,06194,06195,06196,06197,06198,06199,06200,06201,,1377,1378,603,,
689,6201,6209,478,Rotom (Frost),06202,06203,06204,06205,06206,06207,06208,06209,06210,,1379,1380,604,,
690,6210,6218,478,Rotom (Fan),06211,06212,06213,06214,06215,06216,06217,06218,06219,,1381,1382,605,,
691,6219,6227,478,Rotom (Mow),06220,06221,06222,06223,06224,06225,06226,06227,06228,,1383,1384,606,,
692,6228,6236,480,Uxie,06229,06230,06231,06232,06233,06234,06235,06236,06237,,1385,1386,607,,
693,6237,6245,481,Mesprit,06238,06239,06240,06241,06242,06243,06244,06245,06246,,1387,1388,608,,
694,6246,6254,482,Azelf,06247,06248,06249,06250,06251,06252,06253,06254,06255,,1389,1390,609,,
695,6255,6263,483,Dialga,06256,06257,06258,06259,06260,06261,06262,06263,06264,,1391,1392,610,,
696,6264,6272,484,Palkia,06265,06266,06267,06268,06269,06270,06271,06272,06273,,1393,1394,611,,
697,6273,6281,485,Heatran,06274,06275,06276,06277,06278,06279,06280,06281,06282,,1395,1396,612,,
698,6282,6290,486,Regigigas,06283,06284,06285,06286,06287,06288,06289,06290,06291,,1397,1398,613,,
699,6291,6299,486,Giratina (Altered),06292,06293,06294,06295,06296,06297,06298,06299,06300,,1399,1400,614,,
700,6300,6308,486,Giratina (Origin),06301,06302,06303,06304,06305,06306,06307,06308,06309,,1401,1402,615,,
701,6309,6317,488,Cresselia,06310,06311,06312,06313,06314,06315,06316,06317,06318,,1403,1404,616,,
702,6318,6326,489,Phione,06319,06320,06321,06322,06323,06324,06325,06326,06327,,1405,1406,617,,
703,6327,6335,490,Manaphy,06328,06329,06330,06331,06332,06333,06334,06335,06336,,1407,1408,618,,
704,6336,6344,491,Darkrai,06337,06338,06339,06340,06341,06342,06343,06344,06345,,1409,1410,619,,
705,6345,6353,491,Shaymin (Land),06346,06347,06348,06349,06350,06351,06352,06353,06354,,1411,1412,620,,
706,6354,6362,491,Shaymin (Sky),06355,06356,06357,06358,06359,06360,06361,06362,06363,,1413,1414,621,,
707,6363,6371,491,Arceus Normal,06364,06365,06366,06367,06368,06369,06370,06371,06372,,1415,1416,622,,
708,6372,6380,491,Arceus Fighting,06373,06374,06375,06376,06377,06378,06379,06380,06381,,1417,1418,623,,
709,6381,6389,491,Arceus Flying,06382,06383,06384,06385,06386,06387,06388,06389,06390,,1419,1420,624,,
710,6390,6398,491,Arceus Poison,06391,06392,06393,06394,06395,06396,06397,06398,06399,,1421,1422,625,,
711,6399,6407,491,Arceus Ground,06400,06401,06402,06403,06404,06405,06406,06407,06408,,1423,1424,626,,
712,6408,6416,491,Arceus Rock,06409,06410,06411,06412,06413,06414,06415,06416,06417,,1425,1426,627,,
713,6417,6425,491,Arceus Bug,06418,06419,06420,06421,06422,06423,06424,06425,06426,,1427,1428,628,,
714,6426,6434,491,Arceus Ghost,06427,06428,06429,06430,06431,06432,06433,06434,06435,,1429,1430,629,,
715,6435,6443,491,Arceus Steel,06436,06437,06438,06439,06440,06441,06442,06443,06444,,1431,1432,630,,
716,6444,6452,491,Arceus Fire,06445,06446,06447,06448,06449,06450,06451,06452,06453,,1433,1434,631,,
717,6453,6461,491,Arceus Water,06454,06455,06456,06457,06458,06459,06460,06461,06462,,1435,1436,632,,
718,6462,6470,491,Arceus Grass,06463,06464,06465,06466,06467,06468,06469,06470,06471,,1437,1438,633,,
719,6471,6479,491,Arceus Electric,06472,06473,06474,06475,06476,06477,06478,06479,06480,,1439,1440,634,,
720,6480,6488,491,Arceus Psychic,06481,06482,06483,06484,06485,06486,06487,06488,06489,,1441,1442,635,,
721,6489,6497,491,Arceus Ice,06490,06491,06492,06493,06494,06495,06496,06497,06498,,1443,1444,636,,
722,6498,6506,491,Arceus Dragon,06499,06500,06501,06502,06503,06504,06505,06506,06507,,1445,1446,637,,
723,6507,6515,491,Arceus Dark,06508,06509,06510,06511,06512,06513,06514,06515,06516,,1447,1448,638,,
724,6516,6524,491,Arceus Fairy,06517,06518,06519,06520,06521,06522,06523,06524,06525,,1449,1450,639,,
725,6525,6533,494,Victini,06526,06527,06528,06529,06530,06531,06532,06533,06534,,1451,1452,640,,
726,6534,6542,495,Snivy,06535,06536,06537,06538,06539,06540,06541,06542,06543,,1453,1454,641,,
727,6543,6551,496,Servine,06544,06545,06546,06547,06548,06549,06550,06551,06552,,1455,1456,642,,
728,6552,6560,497,Serperior,06553,06554,06555,06556,06557,06558,06559,06560,06561,,1457,1458,643,,
729,6561,6569,498,Tepig,06562,06563,06564,06565,06566,06567,06568,06569,06570,,1459,1460,644,,
730,6570,6578,499,Pignite,06571,06572,06573,06574,06575,06576,06577,06578,06579,,1461,1462,645,,
731,6579,6587,500,Emboar,06580,06581,06582,06583,06584,06585,06586,06587,06588,,1463,1464,646,,
732,6588,6596,501,Oshawott,06589,06590,06591,06592,06593,06594,06595,06596,06597,,1465,1466,647,,
733,6597,6605,502,Dewott,06598,06599,06600,06601,06602,06603,06604,06605,06606,,1467,1468,648,,
734,6606,6614,503,Samurott,06607,06608,06609,06610,06611,06612,06613,06614,06615,,1469,1470,649,,
735,6615,6623,504,Patrat,06616,06617,06618,06619,06620,06621,06622,06623,06624,,1471,1472,650,,
736,6624,6632,505,Watchog,06625,06626,06627,06628,06629,06630,06631,06632,06633,,1473,1474,651,,
737,6633,6641,506,Lillipup,06634,06635,06636,06637,06638,06639,06640,06641,06642,,1475,1476,652,,
738,6642,6650,507,Herdier,06643,06644,06645,06646,06647,06648,06649,06650,06651,,1477,1478,653,,
739,6651,6659,508,Stoutland,06652,06653,06654,06655,06656,06657,06658,06659,06660,,1479,1480,654,,
740,6660,6668,509,Purrloin,06661,06662,06663,06664,06665,06666,06667,06668,06669,,1481,1482,655,,
741,6669,6677,510,Liepard,06670,06671,06672,06673,06674,06675,06676,06677,06678,,1483,1484,656,,
742,6678,6686,511,Pansage,06679,06680,06681,06682,06683,06684,06685,06686,06687,,1485,1486,657,,
743,6687,6695,512,Simisage,06688,06689,06690,06691,06692,06693,06694,06695,06696,,1487,1488,658,,
744,6696,6704,513,Pansear,06697,06698,06699,06700,06701,06702,06703,06704,06705,,1489,1490,659,,
745,6705,6713,514,Simisear,06706,06707,06708,06709,06710,06711,06712,06713,06714,,1491,1492,660,,
746,6714,6722,515,Panpour,06715,06716,06717,06718,06719,06720,06721,06722,06723,,1493,1494,661,,
747,6723,6731,516,Simipour,06724,06725,06726,06727,06728,06729,06730,06731,06732,,1495,1496,662,,
748,6732,6740,517,Munna,06733,06734,06735,06736,06737,06738,06739,06740,06741,,1497,1498,663,,
749,6741,6749,518,Musharna,06742,06743,06744,06745,06746,06747,06748,06749,06750,,1499,1500,664,,
750,6750,6758,519,Pidove,06751,06752,06753,06754,06755,06756,06757,06758,06759,,1501,1502,665,,
751,6759,6767,520,Tranquill,06760,06761,06762,06763,06764,06765,06766,06767,06768,,1503,1504,666,,
752,6768,6776,521,Unfezant,06769,06770,06771,06772,06773,06774,06775,06776,06777,,1505,1506,667,,
753,6777,6785,521,Female Unfezant,06778,06779,06780,06781,06782,06783,06784,06785,06786,,1507,1508,667,,
754,6786,6794,522,Blitzle,06787,06788,06789,06790,06791,06792,06793,06794,06795,,1509,1510,668,,
755,6795,6803,523,Zebstrika,06796,06797,06798,06799,06800,06801,06802,06803,06804,,1511,1512,669,,
756,6804,6812,524,Roggenrola,06805,06806,06807,06808,06809,06810,06811,06812,06813,,1513,1514,670,,
757,6813,6821,525,Boldore,06814,06815,06816,06817,06818,06819,06820,06821,06822,,1515,1516,671,,
758,6822,6830,526,Gigalith,06823,06824,06825,06826,06827,06828,06829,06830,06831,,1517,1518,672,,
759,6831,6839,527,Woobat,06832,06833,06834,06835,06836,06837,06838,06839,06840,,1519,1520,673,,
760,6840,6848,528,Swoobat,06841,06842,06843,06844,06845,06846,06847,06848,06849,,1521,1522,674,,
761,6849,6857,529,Drilbur,06850,06851,06852,06853,06854,06855,06856,06857,06858,,1523,1524,675,,
762,6858,6866,530,Excadrill,06859,06860,06861,06862,06863,06864,06865,06866,06867,,1525,1526,676,,
763,6867,6875,531,Audino,06868,06869,06870,06871,06872,06873,06874,06875,06876,,1527,1528,677,,
764,6876,6884,531,Mega Audino,06877,06878,06879,06880,06881,06882,06883,06884,06885,,1529,1530,678,,
765,6885,6893,532,Timburr,06886,06887,06888,06889,06890,06891,06892,06893,06894,,1531,1532,679,,
766,6894,6902,533,Gurdurr,06895,06896,06897,06898,06899,06900,06901,06902,06903,,1533,1534,680,,
767,6903,6911,534,Conkeldurr,06904,06905,06906,06907,06908,06909,06910,06911,06912,,1535,1536,681,,
768,6912,6920,535,Tympole,06913,06914,06915,06916,06917,06918,06919,06920,06921,,1537,1538,682,,
769,6921,6929,536,Palpitoad,06922,06923,06924,06925,06926,06927,06928,06929,06930,,1539,1540,683,,
770,6930,6938,537,Seismitoad,06931,06932,06933,06934,06935,06936,06937,06938,06939,,1541,1542,684,,
771,6939,6947,538,Throh,06940,06941,06942,06943,06944,06945,06946,06947,06948,,1543,1544,685,,
772,6948,6956,539,Sawk,06949,06950,06951,06952,06953,06954,06955,06956,06957,,1545,1546,686,,
773,6957,6965,540,Sewaddle,06958,06959,06960,06961,06962,06963,06964,06965,06966,,1547,1548,687,,
774,6966,6974,541,Swadloon,06967,06968,06969,06970,06971,06972,06973,06974,06975,,1549,1550,688,,
775,6975,6983,542,Leavanny,06976,06977,06978,06979,06980,06981,06982,06983,06984,,1551,1552,689,,
776,6984,6992,543,Venipede,06985,06986,06987,06988,06989,06990,06991,06992,06993,,1553,1554,690,,
777,6993,7001,544,Whirlipede,06994,06995,06996,06997,06998,06999,07000,07001,07002,,1555,1556,691,,
778,7002,7010,545,Scolipede,07003,07004,07005,07006,07007,07008,07009,07010,07011,,1557,1558,692,,
779,7011,7019,546,Cottonee,07012,07013,07014,07015,07016,07017,07018,07019,07020,,1559,1560,693,,
780,7020,7028,547,Whimsicott,07021,07022,07023,07024,07025,07026,07027,07028,07029,,1561,1562,694,,
781,7029,7037,548,Petilil,07030,07031,07032,07033,07034,07035,07036,07037,07038,,1563,1564,695,,
782,7038,7046,549,Lilligant,07039,07040,07041,07042,07043,07044,07045,07046,07047,,1565,1566,696,,
783,7047,7055,549,Basculin (Red),07048,07049,07050,07051,07052,07053,07054,07055,07056,,1567,1568,697,,
784,7056,7064,549,Basculin (Blue),07057,07058,07059,07060,07061,07062,07063,07064,07065,,1569,1570,698,,
785,7065,7073,551,Sandile,07066,07067,07068,07069,07070,07071,07072,07073,07074,,1571,1572,699,,
786,7074,7082,552,Krokorok,07075,07076,07077,07078,07079,07080,07081,07082,07083,,1573,1574,700,,
787,7083,7091,553,Krookodile,07084,07085,07086,07087,07088,07089,07090,07091,07092,,1575,1576,701,,
788,7092,7100,554,Darumaka,07093,07094,07095,07096,07097,07098,07099,07100,07101,,1577,1578,702,,
789,7101,7109,554,Darmanitan (Standard),07102,07103,07104,07105,07106,07107,07108,07109,07110,,1579,1580,703,,
790,7110,7118,554,Darmanitan (Zen),07111,07112,07113,07114,07115,07116,07117,07118,07119,,1581,1582,704,,
791,7119,7127,556,Maractus,07120,07121,07122,07123,07124,07125,07126,07127,07128,,1583,1584,705,,
792,7128,7136,557,Dwebble,07129,07130,07131,07132,07133,07134,07135,07136,07137,,1585,1586,706,,
793,7137,7145,558,Crustle,07138,07139,07140,07141,07142,07143,07144,07145,07146,,1587,1588,707,,
794,7146,7154,559,Scraggy,07147,07148,07149,07150,07151,07152,07153,07154,07155,,1589,1590,708,,
795,7155,7163,560,Scrafty,07156,07157,07158,07159,07160,07161,07162,07163,07164,,1591,1592,709,,
796,7164,7172,561,Sigilyph,07165,07166,07167,07168,07169,07170,07171,07172,07173,,1593,1594,710,,
797,7173,7181,562,Yamask,07174,07175,07176,07177,07178,07179,07180,07181,07182,,1595,1596,711,,
798,7182,7190,563,Cofagrigus,07183,07184,07185,07186,07187,07188,07189,07190,07191,,1597,1598,712,,
799,7191,7199,564,Tirtouga,07192,07193,07194,07195,07196,07197,07198,07199,07200,,1599,1600,713,,
800,7200,7208,565,Carracosta,07201,07202,07203,07204,07205,07206,07207,07208,07209,,1601,1602,714,,
801,7209,7217,566,Archen,07210,07211,07212,07213,07214,07215,07216,07217,07218,,1603,1604,715,,
802,7218,7226,567,Archeops,07219,07220,07221,07222,07223,07224,07225,07226,07227,,1605,1606,716,,
803,7227,7235,568,Trubbish,07228,07229,07230,07231,07232,07233,07234,07235,07236,,1607,1608,717,,
804,7236,7244,569,Garbodor,07237,07238,07239,07240,07241,07242,07243,07244,07245,,1609,1610,718,,
805,7245,7253,570,Zorua,07246,07247,07248,07249,07250,07251,07252,07253,07254,,1611,1612,719,,
806,7254,7262,571,Zoroark,07255,07256,07257,07258,07259,07260,07261,07262,07263,,1613,1614,720,,
807,7263,7271,572,Minccino,07264,07265,07266,07267,07268,07269,07270,07271,07272,,1615,1616,721,,
808,7272,7280,573,Cinccino,07273,07274,07275,07276,07277,07278,07279,07280,07281,,1617,1618,722,,
809,7281,7289,574,Gothita,07282,07283,07284,07285,07286,07287,07288,07289,07290,,1619,1620,723,,
810,7290,7298,575,Gothorita,07291,07292,07293,07294,07295,07296,07297,07298,07299,,1621,1622,724,,
811,7299,7307,576,Gothitelle,07300,07301,07302,07303,07304,07305,07306,07307,07308,,1623,1624,725,,
812,7308,7316,577,Solosis,07309,07310,07311,07312,07313,07314,07315,07316,07317,,1625,1626,726,,
813,7317,7325,578,Duosion,07318,07319,07320,07321,07322,07323,07324,07325,07326,,1627,1628,727,,
814,7326,7334,579,Reuniclus,07327,07328,07329,07330,07331,07332,07333,07334,07335,,1629,1630,728,,
815,7335,7343,580,Ducklett,07336,07337,07338,07339,07340,07341,07342,07343,07344,,1631,1632,729,,
816,7344,7352,581,Swanna,07345,07346,07347,07348,07349,07350,07351,07352,07353,,1633,1634,730,,
817,7353,7361,582,Vanillite,07354,07355,07356,07357,07358,07359,07360,07361,07362,,1635,1636,731,,
818,7362,7370,583,Vanillish,07363,07364,07365,07366,07367,07368,07369,07370,07371,,1637,1638,732,,
819,7371,7379,584,Vanilluxe,07372,07373,07374,07375,07376,07377,07378,07379,07380,,1639,1640,733,,
820,7380,7388,584,Deerling (Spring),07381,07382,07383,07384,07385,07386,07387,07388,07389,,1641,1642,734,,
821,7389,7397,584,Deerling (Summer),07390,07391,07392,07393,07394,07395,07396,07397,07398,,1643,1644,735,,
822,7398,7406,584,Deerling (Autumn),07399,07400,07401,07402,07403,07404,07405,07406,07407,,1645,1646,736,,
823,7407,7415,584,Deerling (Winter),07408,07409,07410,07411,07412,07413,07414,07415,07416,,1647,1648,737,,
824,7416,7424,584,Sawsbuck (Spring),07417,07418,07419,07420,07421,07422,07423,07424,07425,,1649,1650,738,,
825,7425,7433,584,Sawsbuck (Summer),07426,07427,07428,07429,07430,07431,07432,07433,07434,,1651,1652,739,,
826,7434,7442,584,Sawsbuck (Autumn),07435,07436,07437,07438,07439,07440,07441,07442,07443,,1653,1654,740,,
827,7443,7451,584,Sawsbuck (Winter),07444,07445,07446,07447,07448,07449,07450,07451,07452,,1655,1656,741,,
828,7452,7460,587,Emolga,07453,07454,07455,07456,07457,07458,07459,07460,07461,,1657,1658,742,,
829,7461,7469,588,Karrablast,07462,07463,07464,07465,07466,07467,07468,07469,07470,,1659,1660,743,,
830,7470,7478,589,Escavalier,07471,07472,07473,07474,07475,07476,07477,07478,07479,,1661,1662,744,,
831,7479,7487,590,Foongus,07480,07481,07482,07483,07484,07485,07486,07487,07488,,1663,1664,745,,
832,7488,7496,591,Amoonguss,07489,07490,07491,07492,07493,07494,07495,07496,07497,,1665,1666,746,,
833,7497,7505,592,Frillish,07498,07499,07500,07501,07502,07503,07504,07505,07506,,1667,1668,747,,
834,7506,7514,592,Female Frillish,07507,07508,07509,07510,07511,07512,07513,07514,07515,,1669,1670,747,,
835,7515,7523,593,Jellicent,07516,07517,07518,07519,07520,07521,07522,07523,07524,,1671,1672,748,,
836,7524,7532,593,Female Jellicent,07525,07526,07527,07528,07529,07530,07531,07532,07533,,1673,1674,748,,
837,7533,7541,594,Alomomola,07534,07535,07536,07537,07538,07539,07540,07541,07542,,1675,1676,749,,
838,7542,7550,595,Joltik,07543,07544,07545,07546,07547,07548,07549,07550,07551,,1677,1678,750,,
839,7551,7559,596,Galvantula,07552,07553,07554,07555,07556,07557,07558,07559,07560,,1679,1680,751,,
840,7560,7568,597,Ferroseed,07561,07562,07563,07564,07565,07566,07567,07568,07569,,1681,1682,752,,
841,7569,7577,598,Ferrothorn,07570,07571,07572,07573,07574,07575,07576,07577,07578,,1683,1684,753,,
842,7578,7586,599,Klink,07579,07580,07581,07582,07583,07584,07585,07586,07587,,1685,1686,754,,
843,7587,7595,600,Klang,07588,07589,07590,07591,07592,07593,07594,07595,07596,,1687,1688,755,,
844,7596,7604,601,Klinklang,07597,07598,07599,07600,07601,07602,07603,07604,07605,,1689,1690,756,,
845,7605,7613,602,Tynamo,07606,07607,07608,07609,07610,07611,07612,07613,07614,,1691,1692,757,,
846,7614,7622,603,Eelektrik,07615,07616,07617,07618,07619,07620,07621,07622,07623,,1693,1694,758,,
847,7623,7631,604,Eelektross,07624,07625,07626,07627,07628,07629,07630,07631,07632,,1695,1696,759,,
848,7632,7640,605,Elgyem,07633,07634,07635,07636,07637,07638,07639,07640,07641,,1697,1698,760,,
849,7641,7649,606,Beheeyem,07642,07643,07644,07645,07646,07647,07648,07649,07650,,1699,1700,761,,
850,7650,7658,606,Litwik,07651,07652,07653,07654,07655,07656,07657,07658,07659,,1701,1702,762,,
851,7659,7667,608,Lampent,07660,07661,07662,07663,07664,07665,07666,07667,07668,,1703,1704,763,,
852,7668,7676,609,Chandelure,07669,07670,07671,07672,07673,07674,07675,07676,07677,,1705,1706,764,,
853,7677,7685,610,Axew,07678,07679,07680,07681,07682,07683,07684,07685,07686,,1707,1708,765,,
854,7686,7694,611,Fraxure,07687,07688,07689,07690,07691,07692,07693,07694,07695,,1709,1710,766,,
855,7695,7703,612,Haxorus,07696,07697,07698,07699,07700,07701,07702,07703,07704,,1711,1712,767,,
856,7704,7712,613,Cubchoo,07705,07706,07707,07708,07709,07710,07711,07712,07713,,1713,1714,768,,
857,7713,7721,614,Beartic,07714,07715,07716,07717,07718,07719,07720,07721,07722,,1715,1716,769,,
858,7722,7730,615,Cryogonal,07723,07724,07725,07726,07727,07728,07729,07730,07731,,1717,1718,770,,
859,7731,7739,616,Shelmet,07732,07733,07734,07735,07736,07737,07738,07739,07740,,1719,1720,771,,
860,7740,7748,617,Accelgor,07741,07742,07743,07744,07745,07746,07747,07748,07749,,1721,1722,772,,
861,7749,7757,618,Stunfisk,07750,07751,07752,07753,07754,07755,07756,07757,07758,,1723,1724,773,,
862,7758,7766,619,Mienfoo,07759,07760,07761,07762,07763,07764,07765,07766,07767,,1725,1726,774,,
863,7767,7775,620,Mienshao,07768,07769,07770,07771,07772,07773,07774,07775,07776,,1727,1728,775,,
864,7776,7784,621,Druddigon,07777,07778,07779,07780,07781,07782,07783,07784,07785,,1729,1730,776,,
865,7785,7793,622,Golett,07786,07787,07788,07789,07790,07791,07792,07793,07794,,1731,1732,777,,
866,7794,7802,623,Golurk,07795,07796,07797,07798,07799,07800,07801,07802,07803,,1733,1734,778,,
867,7803,7811,624,Pawniard,07804,07805,07806,07807,07808,07809,07810,07811,07812,,1735,1736,779,,
868,7812,7820,625,Bisharp,07813,07814,07815,07816,07817,07818,07819,07820,07821,,1737,1738,780,,
869,7821,7829,626,Bouffalant,07822,07823,07824,07825,07826,07827,07828,07829,07830,,1739,1740,781,,
870,7830,7838,627,Rufflet,07831,07832,07833,07834,07835,07836,07837,07838,07839,,1741,1742,782,,
871,7839,7847,628,Braviary,07840,07841,07842,07843,07844,07845,07846,07847,07848,,1743,1744,783,,
872,7848,7856,629,Vullaby,07849,07850,07851,07852,07853,07854,07855,07856,07857,,1745,1746,784,,
873,7857,7865,630,Mandibuzz,07858,07859,07860,07861,07862,07863,07864,07865,07866,,1747,1748,785,,
874,7866,7874,631,Heatmor,07867,07868,07869,07870,07871,07872,07873,07874,07875,,1749,1750,786,,
875,7875,7883,632,Durant,07876,07877,07878,07879,07880,07881,07882,07883,07884,,1751,1752,787,,
876,7884,7892,633,Deino,07885,07886,07887,07888,07889,07890,07891,07892,07893,,1753,1754,788,,
877,7893,7901,634,Zweilous,07894,07895,07896,07897,07898,07899,07900,07901,07902,,1755,1756,789,,
878,7902,7910,635,Hydreigon,07903,07904,07905,07906,07907,07908,07909,07910,07911,,1757,1758,790,,
879,7911,7919,636,Larvesta,07912,07913,07914,07915,07916,07917,07918,07919,07920,,1759,1760,791,,
880,7920,7928,637,Volcarona,07921,07922,07923,07924,07925,07926,07927,07928,07929,,1761,1762,792,,
881,7929,7937,638,Cobalion,07930,07931,07932,07933,07934,07935,07936,07937,07938,,1763,1764,793,,
882,7938,7946,639,Terrakion,07939,07940,07941,07942,07943,07944,07945,07946,07947,,1765,1766,794,,
883,7947,7955,640,Virizion,07948,07949,07950,07951,07952,07953,07954,07955,07956,,1767,1768,795,,
884,7956,7964,641,Tornadus,07957,07958,07959,07960,07961,07962,07963,07964,07965,,1769,1770,796,,
885,7965,7973,641,Tornadus (Therian),07966,07967,07968,07969,07970,07971,07972,07973,07974,,1771,1772,797,,
886,7974,7982,642,Thundurus,07975,07976,07977,07978,07979,07980,07981,07982,07983,,1773,1774,798,,
887,7983,7991,642,Thundurus (Therian),07984,07985,07986,07987,07988,07989,07990,07991,07992,,1775,1776,799,,
888,7992,8000,643,Reshiram,07993,07994,07995,07996,07997,07998,07999,08000,08001,,1777,1778,800,,
889,8001,8009,644,Zekrom,08002,08003,08004,08005,08006,08007,08008,08009,08010,,1779,1780,801,,
890,8010,8018,645,Landorus,08011,08012,08013,08014,08015,08016,08017,08018,08019,,1781,1782,802,,
891,8019,8027,645,Landorus (Therian),08020,08021,08022,08023,08024,08025,08026,08027,08028,,1783,1784,803,,
892,8028,8036,646,Kyurem,08029,08030,08031,08032,08033,08034,08035,08036,08037,,1785,1786,804,,
893,8037,8045,646,Kyurem (White),08038,08039,08040,08041,08042,08043,08044,08045,08046,,1787,1788,805,,
894,8046,8054,646,Kyurem (Black),08047,08048,08049,08050,08051,08052,08053,08054,08055,,1789,1790,806,,
895,8055,8063,646,Keldeo (Ordinary),08056,08057,08058,08059,08060,08061,08062,08063,08064,,1791,1792,807,,
896,8064,8072,646,Keldeo (Resolute),08065,08066,08067,08068,08069,08070,08071,08072,08073,,1793,1794,808,,
897,8073,8081,646,Meloetta (Aria),08074,08075,08076,08077,08078,08079,08080,08081,08082,,1795,1796,809,,
898,8082,8090,646,Meloetta (Pirouette),08083,08084,08085,08086,08087,08088,08089,08090,08091,,1797,1798,810,,
899,8091,8099,649,Genesect,08092,08093,08094,08095,08096,08097,08098,08099,08100,,1799,1800,811,,
900,8100,8108,649,Genesect Douse,08101,08102,08103,08104,08105,08106,08107,08108,08109,,1801,1802,812,,
901,8109,8117,649,Genesect Shock,08110,08111,08112,08113,08114,08115,08116,08117,08118,,1803,1804,813,,
902,8118,8126,649,Genesect Burn,08119,08120,08121,08122,08123,08124,08125,08126,08127,,1805,1806,814,,
903,8127,8135,649,Genesect Chill,08128,08129,08130,08131,08132,08133,08134,08135,08136,,1807,1808,815,,
904,8136,8144,650,Chespin,08137,08138,08139,08140,08141,08142,08143,08144,08145,,1809,1810,816,,
905,8145,8153,651,Quilladin,08146,08147,08148,08149,08150,08151,08152,08153,08154,,1811,1812,817,,
906,8154,8162,652,Chesnaught,08155,08156,08157,08158,08159,08160,08161,08162,08163,,1813,1814,818,,
907,8163,8171,653,Fennekin,08164,08165,08166,08167,08168,08169,08170,08171,08172,,1815,1816,819,,
908,8172,8180,654,Braixen,08173,08174,08175,08176,08177,08178,08179,08180,08181,,1817,1818,820,,
909,8181,8189,655,Delphox,08182,08183,08184,08185,08186,08187,08188,08189,08190,,1819,1820,821,,
910,8190,8198,656,Froakie,08191,08192,08193,08194,08195,08196,08197,08198,08199,,1821,1822,822,,
911,8199,8207,657,Frogadier,08200,08201,08202,08203,08204,08205,08206,08207,08208,,1823,1824,823,,
912,8208,8216,658,Greninja,08209,08210,08211,08212,08213,08214,08215,08216,08217,,1825,1826,824,,
913,8217,8225,658,Ash Greninja,08218,08219,08220,08221,08222,08223,08224,08225,08226,,1827,1828,825,,
914,8226,8234,658,Ash Greninja-Active,08227,08228,08229,08230,08231,08232,08233,08234,08235,,1829,1830,826,,
915,8235,8243,659,Bunnelby,08236,08237,08238,08239,08240,08241,08242,08243,08244,,1831,1832,827,,
916,8244,8252,660,Diggersby,08245,08246,08247,08248,08249,08250,08251,08252,08253,,1833,1834,828,,
917,8253,8261,661,Fletchling,08254,08255,08256,08257,08258,08259,08260,08261,08262,,1835,1836,829,,
918,8262,8270,662,Fletchinder,08263,08264,08265,08266,08267,08268,08269,08270,08271,,1837,1838,830,,
919,8271,8279,663,Talonflame,08272,08273,08274,08275,08276,08277,08278,08279,08280,,1839,1840,831,,
920,8280,8288,664,Scatterbug,08281,08282,08283,08284,08285,08286,08287,08288,08289,,1841,1842,832,,
921,8289,8297,665,Spewpa,08290,08291,08292,08293,08294,08295,08296,08297,08298,,1843,1844,833,,
922,8298,8306,666,Vivillon,08299,08300,08301,08302,08303,08304,08305,08306,08307,,1845,1846,834,,
923,8307,8315,666,Vivillon,08308,08309,08310,08311,08312,08313,08314,08315,08316,,1847,1848,835,,
924,8316,8324,666,Vivillon,08317,08318,08319,08320,08321,08322,08323,08324,08325,,1849,1850,836,,
925,8325,8333,666,Vivillon,08326,08327,08328,08329,08330,08331,08332,08333,08334,,1851,1852,837,,
926,8334,8342,666,Vivillon,08335,08336,08337,08338,08339,08340,08341,08342,08343,,1853,1854,838,,
927,8343,8351,666,Vivillon,08344,08345,08346,08347,08348,08349,08350,08351,08352,,1855,1856,839,,
928,8352,8360,666,Vivillon,08353,08354,08355,08356,08357,08358,08359,08360,08361,,1857,1858,840,,
929,8361,8369,666,Vivillon,08362,08363,08364,08365,08366,08367,08368,08369,08370,,1859,1860,841,,
930,8370,8378,666,Vivillon,08371,08372,08373,08374,08375,08376,08377,08378,08379,,1861,1862,842,,
931,8379,8387,666,Vivillon,08380,08381,08382,08383,08384,08385,08386,08387,08388,,1863,1864,843,,
932,8388,8396,666,Vivillon,08389,08390,08391,08392,08393,08394,08395,08396,08397,,1865,1866,844,,
933,8397,8405,666,Vivillon,08398,08399,08400,08401,08402,08403,08404,08405,08406,,1867,1868,845,,
934,8406,8414,666,Vivillon,08407,08408,08409,08410,08411,08412,08413,08414,08415,,1869,1870,846,,
935,8415,8423,666,Vivillon,08416,08417,08418,08419,08420,08421,08422,08423,08424,,1871,1872,847,,
936,8424,8432,666,Vivillon,08425,08426,08427,08428,08429,08430,08431,08432,08433,,1873,1874,848,,
937,8433,8441,666,Vivillon,08434,08435,08436,08437,08438,08439,08440,08441,08442,,1875,1876,849,,
938,8442,8450,666,Vivillon,08443,08444,08445,08446,08447,08448,08449,08450,08451,,1877,1878,850,,
939,8451,8459,666,Vivillon,08452,08453,08454,08455,08456,08457,08458,08459,08460,,1879,1880,851,,
940,8460,8468,666,Vivillon,08461,08462,08463,08464,08465,08466,08467,08468,08469,,1881,1882,852,,
941,8469,8477,666,Vivillon,08470,08471,08472,08473,08474,08475,08476,08477,08478,,1883,1884,853,,
942,8478,8486,667,Litleo,08479,08480,08481,08482,08483,08484,08485,08486,08487,,1885,1886,854,,
943,8487,8495,668,Pyroar,08488,08489,08490,08491,08492,08493,08494,08495,08496,,1887,1888,855,,
944,8496,8504,668,Female Pyroar,08497,08498,08499,08500,08501,08502,08503,08504,08505,,1889,1890,855,,
945,8505,8513,668,Flabébé (Red),08506,08507,08508,08509,08510,08511,08512,08513,08514,,1891,1892,856,,
946,8514,8522,668,Flabébé (Yellow),08515,08516,08517,08518,08519,08520,08521,08522,08523,,1893,1894,857,,
947,8523,8531,668,Flabébé (Orange),08524,08525,08526,08527,08528,08529,08530,08531,08532,,1895,1896,858,,
948,8532,8540,668,Flabébé (Blue),08533,08534,08535,08536,08537,08538,08539,08540,08541,,1897,1898,859,,
949,8541,8549,668,Flabébé (White),08542,08543,08544,08545,08546,08547,08548,08549,08550,,1899,1900,860,,
950,8550,8558,668,Floette (Red),08551,08552,08553,08554,08555,08556,08557,08558,08559,,1901,1902,861,,
951,8559,8567,668,Floette (Yellow),08560,08561,08562,08563,08564,08565,08566,08567,08568,,1903,1904,862,,
952,8568,8576,668,Floette (Orange),08569,08570,08571,08572,08573,08574,08575,08576,08577,,1905,1906,863,,
953,8577,8585,668,Floette (Blue),08578,08579,08580,08581,08582,08583,08584,08585,08586,,1907,1908,864,,
954,8586,8594,668,Floette (White),08587,08588,08589,08590,08591,08592,08593,08594,08595,,1909,1910,865,,
955,8595,8603,668,Floette (Eternal),08596,08597,08598,08599,08600,08601,08602,08603,08604,,1911,1912,866,,
956,8604,8612,668,Florges (Red),08605,08606,08607,08608,08609,08610,08611,08612,08613,,1913,1914,867,,
957,8613,8621,668,Florges (Yellow),08614,08615,08616,08617,08618,08619,08620,08621,08622,,1915,1916,868,,
958,8622,8630,668,Florges (Orange),08623,08624,08625,08626,08627,08628,08629,08630,08631,,1917,1918,869,,
959,8631,8639,668,Florges (Blue),08632,08633,08634,08635,08636,08637,08638,08639,08640,,1919,1920,870,,
960,8640,8648,668,Florges (White),08641,08642,08643,08644,08645,08646,08647,08648,08649,,1921,1922,871,,
961,8649,8657,672,Skiddo,08650,08651,08652,08653,08654,08655,08656,08657,08658,,1923,1924,872,,
962,8658,8666,673,Gogoat,08659,08660,08661,08662,08663,08664,08665,08666,08667,,1925,1926,873,,
963,8667,8675,674,Pancham,08668,08669,08670,08671,08672,08673,08674,08675,08676,,1927,1928,874,,
964,8676,8684,675,Pangoro,08677,08678,08679,08680,08681,08682,08683,08684,08685,,1929,1930,875,,
965,8685,8693,675,Furfrou (Natural),08686,08687,08688,08689,08690,08691,08692,08693,08694,,1931,1932,876,,
966,8694,8702,675,Furfrou (Heart Trim),08695,08696,08697,08698,08699,08700,08701,08702,08703,,1933,1934,877,,
967,8703,8711,675,Furfrou (Star Trim),08704,08705,08706,08707,08708,08709,08710,08711,08712,,1935,1936,878,,
968,8712,8720,675,Furfrou (Diamond Trim),08713,08714,08715,08716,08717,08718,08719,08720,08721,,1937,1938,879,,
969,8721,8729,675,Furfrou (Debutante Trim),08722,08723,08724,08725,08726,08727,08728,08729,08730,,1939,1940,880,,
970,8730,8738,675,Furfrou (Matron Trim),08731,08732,08733,08734,08735,08736,08737,08738,08739,,1941,1942,881,,
971,8739,8747,675,Furfrou (Dandy Trim),08740,08741,08742,08743,08744,08745,08746,08747,08748,,1943,1944,882,,
972,8748,8756,675,Furfrou (La Reine Trim),08749,08750,08751,08752,08753,08754,08755,08756,08757,,1945,1946,883,,
973,8757,8765,675,Furfrou (Kabuki Trim),08758,08759,08760,08761,08762,08763,08764,08765,08766,,1947,1948,884,,
974,8766,8774,675,Furfrou (Pharaoh Trim),08767,08768,08769,08770,08771,08772,08773,08774,08775,,1949,1950,885,,
975,8775,8783,677,Espurr,08776,08777,08778,08779,08780,08781,08782,08783,08784,,1951,1952,886,,
976,8784,8792,677,Meowstic,08785,08786,08787,08788,08789,08790,08791,08792,08793,,1953,1954,887,,
977,8793,8801,677,Female Meowstic,08794,08795,08796,08797,08798,08799,08800,08801,08802,,1955,1956,887,,
978,8802,8810,679,Honedge,08803,08804,08805,08806,08807,08808,08809,08810,08811,,1957,1958,888,,
979,8811,8819,680,Doublade,08812,08813,08814,08815,08816,08817,08818,08819,08820,,1959,1960,889,,
980,8820,8828,680,Aegislash (Shield),08821,08822,08823,08824,08825,08826,08827,08828,08829,,1961,1962,890,,
981,8829,8837,680,Aegislash (Blade),08830,08831,08832,08833,08834,08835,08836,08837,08838,,1963,1964,891,,
982,8838,8846,682,Spritzee,08839,08840,08841,08842,08843,08844,08845,08846,08847,,1965,1966,892,,
983,8847,8855,683,Aromatisse,08848,08849,08850,08851,08852,08853,08854,08855,08856,,1967,1968,893,,
984,8856,8864,684,Swirlix,08857,08858,08859,08860,08861,08862,08863,08864,08865,,1969,1970,894,,
985,8865,8873,685,Slurpuff,08866,08867,08868,08869,08870,08871,08872,08873,08874,,1971,1972,895,,
986,8874,8882,686,Inkay,08875,08876,08877,08878,08879,08880,08881,08882,08883,,1973,1974,896,,
987,8883,8891,687,Malamar,08884,08885,08886,08887,08888,08889,08890,08891,08892,,1975,1976,897,,
988,8892,8900,688,Binacle,08893,08894,08895,08896,08897,08898,08899,08900,08901,,1977,1978,898,,
989,8901,8909,689,Barbaracle,08902,08903,08904,08905,08906,08907,08908,08909,08910,,1979,1980,899,,
990,8910,8918,690,Skrelp,08911,08912,08913,08914,08915,08916,08917,08918,08919,,1981,1982,900,,
991,8919,8927,691,Dragalge,08920,08921,08922,08923,08924,08925,08926,08927,08928,,1983,1984,901,,
992,8928,8936,692,Clauncher,08929,08930,08931,08932,08933,08934,08935,08936,08937,,1985,1986,902,,
993,8937,8945,693,Clawitzer,08938,08939,08940,08941,08942,08943,08944,08945,08946,,1987,1988,903,,
994,8946,8954,694,Helioptile,08947,08948,08949,08950,08951,08952,08953,08954,08955,,1989,1990,904,,
995,8955,8963,695,Heliolisk,08956,08957,08958,08959,08960,08961,08962,08963,08964,,1991,1992,905,,
996,8964,8972,696,Tyrunt,08965,08966,08967,08968,08969,08970,08971,08972,08973,,1993,1994,906,,
997,8973,8981,697,Tyrantrum,08974,08975,08976,08977,08978,08979,08980,08981,08982,,1995,1996,907,,
998,8982,8990,698,Amaura,08983,08984,08985,08986,08987,08988,08989,08990,08991,,1997,1998,908,,
999,8991,8999,699,Aurorus,08992,08993,08994,08995,08996,08997,08998,08999,09000,,1999,2000,909,,
1000,9000,9008,700,Sylveon,09001,09002,09003,09004,09005,09006,09007,09008,09009,,2001,2002,910,,
1001,9009,9017,701,Hawlucha,09010,09011,09012,09013,09014,09015,09016,09017,09018,,2003,2004,911,,
1002,9018,9026,702,Dedenne,09019,09020,09021,09022,09023,09024,09025,09026,09027,,2005,2006,912,,
1003,9027,9035,703,Carbink,09028,09029,09030,09031,09032,09033,09034,09035,09036,,2007,2008,913,,
1004,9036,9044,704,Goomy,09037,09038,09039,09040,09041,09042,09043,09044,09045,,2009,2010,914,,
1005,9045,9053,705,Sliggoo,09046,09047,09048,09049,09050,09051,09052,09053,09054,,2011,2012,915,,
1006,9054,9062,706,Goodra,09055,09056,09057,09058,09059,09060,09061,09062,09063,,2013,2014,916,,
1007,9063,9071,707,Klefki,09064,09065,09066,09067,09068,09069,09070,09071,09072,,2015,2016,917,,
1008,9072,9080,708,Phantump,09073,09074,09075,09076,09077,09078,09079,09080,09081,,2017,2018,918,,
1009,9081,9089,709,Trevenant,09082,09083,09084,09085,09086,09087,09088,09089,09090,,2019,2020,919,,
1010,9090,9098,709,Pumpkaboo 1010,09091,09092,09093,09094,09095,09096,09097,09098,09099,,2021,2022,920,,
1011,9099,9107,709,Pumpkaboo 1011,09100,09101,09102,09103,09104,09105,09106,09107,09108,,2023,2024,921,,
1012,9108,9116,709,Pumpkaboo 1012,09109,09110,09111,09112,09113,09114,09115,09116,09117,,2025,2026,922,,
1013,9117,9125,709,Pumpkaboo 1013,09118,09119,09120,09121,09122,09123,09124,09125,09126,,2027,2028,923,,
1014,9126,9134,709,Gourgeist 1014,09127,09128,09129,09130,09131,09132,09133,09134,09135,,2029,2030,924,,
1015,9135,9143,709,Gourgeist 1015,09136,09137,09138,09139,09140,09141,09142,09143,09144,,2031,2032,925,,
1016,9144,9152,709,Gourgeist 1016,09145,09146,09147,09148,09149,09150,09151,09152,09153,,2033,2034,926,,
1017,9153,9161,709,Gourgeist 1017,09154,09155,09156,09157,09158,09159,09160,09161,09162,,2035,2036,927,,
1018,9162,9170,712,Bergmite,09163,09164,09165,09166,09167,09168,09169,09170,09171,,2037,2038,928,,
1019,9171,9179,713,Avalugg,09172,09173,09174,09175,09176,09177,09178,09179,09180,,2039,2040,929,,
1020,9180,9188,714,Noibat,09181,09182,09183,09184,09185,09186,09187,09188,09189,,2041,2042,930,,
1021,9189,9197,715,Noivern,09190,09191,09192,09193,09194,09195,09196,09197,09198,,2043,2044,931,,
1022,9198,9206,716,Xerneas,09199,09200,09201,09202,09203,09204,09205,09206,09207,,2047,2048,932,,
1023,9207,9215,717,Yveltal,09208,09209,09210,09211,09212,09213,09214,09215,09216,,2049,2050,933,,
1024,9216,9224,717,Zygarde (50%),09217,09218,09219,09220,09221,09222,09223,09224,09225,,2051,2052,934,,
1025,9225,9233,717,Zygarde (10%),09226,09227,09228,09229,09230,09231,09232,09233,09234,,2053,2054,935,,
1026,9234,9242,717,Zygarde (10%) Power Construct,09235,09236,09237,09238,09239,09240,09241,09242,09243,,2055,2056,936,,
1027,9243,9251,717,Zygarde (50%) Power Construct,09244,09245,09246,09247,09248,09249,09250,09251,09252,,2057,2058,937,,
1028,9252,9260,717,Zygarde (100%),09253,09254,09255,09256,09257,09258,09259,09260,09261,,2059,2060,938,,
1029,9261,9269,719,Diancie,09262,09263,09264,09265,09266,09267,09268,09269,09270,,2061,2062,939,,
1030,9270,9278,719,Mega Diancie,09271,09272,09273,09274,09275,09276,09277,09278,09279,,2063,2064,940,,
1031,9279,9287,719,Hoopa (Confined),09280,09281,09282,09283,09284,09285,09286,09287,09288,,2065,2066,941,,
1032,9288,9296,719,Hoopa (Unbound),09289,09290,09291,09292,09293,09294,09295,09296,09297,,2067,2068,942,,
1033,9297,9305,721,Volcanion,09298,09299,09300,09301,09302,09303,09304,09305,09306,,2069,2070,943,,
1034,9306,9314,722,Rowlet,09307,09308,09309,09310,09311,09312,09313,09314,09315,,2071,2072,944,,
1035,9315,9323,723,Dartrix,09316,09317,09318,09319,09320,09321,09322,09323,09324,,2073,2074,945,,
1036,9324,9332,724,Decidueye,09325,09326,09327,09328,09329,09330,09331,09332,09333,,2075,2076,946,,
1037,9333,9341,725,Litten,09334,09335,09336,09337,09338,09339,09340,09341,09342,,2077,2078,947,,
1038,9342,9350,726,Torracat,09343,09344,09345,09346,09347,09348,09349,09350,09351,,2079,2080,948,,
1039,9351,9359,727,Incineroar,09352,09353,09354,09355,09356,09357,09358,09359,09360,,2081,2082,949,,
1040,9360,9368,728,Popplio,09361,09362,09363,09364,09365,09366,09367,09368,09369,,2083,2084,950,,
1041,9369,9377,729,Brionne,09370,09371,09372,09373,09374,09375,09376,09377,09378,,2085,2086,951,,
1042,9378,9386,730,Primarina,09379,09380,09381,09382,09383,09384,09385,09386,09387,,2087,2088,952,,
1043,9387,9395,731,Pikipek,09388,09389,09390,09391,09392,09393,09394,09395,09396,,2089,2090,953,,
1044,9396,9404,732,Trumbeak,09397,09398,09399,09400,09401,09402,09403,09404,09405,,2091,2092,954,,
1045,9405,9413,733,Toucannon,09406,09407,09408,09409,09410,09411,09412,09413,09414,,2093,2094,955,,
1046,9414,9422,734,Yungoos,09415,09416,09417,09418,09419,09420,09421,09422,09423,,2095,2096,956,,
1047,9423,9431,735,Gumshoos,09424,09425,09426,09427,09428,09429,09430,09431,09432,,2097,2098,957,,
1048,9432,9440,735,Gumshoos Totem,09433,09434,09435,09436,09437,09438,09439,09440,09441,,2099,2100,958,,
1049,9441,9449,736,Grubbin,09442,09443,09444,09445,09446,09447,09448,09449,09450,,2101,2102,959,,
1050,9450,9458,737,Charjabug,09451,09452,09453,09454,09455,09456,09457,09458,09459,,2103,2104,960,,
1051,9459,9467,738,Vikavolt,09460,09461,09462,09463,09464,09465,09466,09467,09468,,2105,2106,961,,
1052,9468,9476,738,Vikavolt Totem,09469,09470,09471,09472,09473,09474,09475,09476,09477,,2107,2108,962,,
1053,9477,9485,739,Crabrawler,09478,09479,09480,09481,09482,09483,09484,09485,09486,,2109,2110,963,,
1054,9486,9494,740,Crabominable,09487,09488,09489,09490,09491,09492,09493,09494,09495,,2111,2112,964,,
1055,9495,9503,740,Oricorio (Fire),09496,09497,09498,09499,09500,09501,09502,09503,09504,,2113,2114,965,,
1056,9504,9512,740,Oricorio (Electric),09505,09506,09507,09508,09509,09510,09511,09512,09513,,2115,2116,966,,
1057,9513,9521,740,Oricorio (Psychic),09514,09515,09516,09517,09518,09519,09520,09521,09522,,2117,2118,967,,
1058,9522,9530,740,Oricorio (Ghost),09523,09524,09525,09526,09527,09528,09529,09530,09531,,2119,2120,968,,
1059,9531,9539,742,Cutiefly,09532,09533,09534,09535,09536,09537,09538,09539,09540,,2121,2122,969,,
1060,9540,9548,743,Ribombee,09541,09542,09543,09544,09545,09546,09547,09548,09549,,2123,2124,970,,
1061,9549,9557,743,Ribombee Totem,09550,09551,09552,09553,09554,09555,09556,09557,09558,,2125,2126,971,,
1062,9558,9566,744,Rockruff,09559,09560,09561,09562,09563,09564,09565,09566,09567,,2129,2130,972,,
1063,9567,9575,744,Lycanroc (Dawn),09568,09569,09570,09571,09572,09573,09574,09575,09576,,2131,2132,973,,
1064,9576,9584,744,Lycanroc (Midnight),09577,09578,09579,09580,09581,09582,09583,09584,09585,,2133,2134,974,,
1065,9585,9593,744,Lycanroc (Dusk),09586,09587,09588,09589,09590,09591,09592,09593,09594,,2135,2136,975,,
1066,9594,9602,746,Wishiwashi,09595,09596,09597,09598,09599,09600,09601,09602,09603,,2137,2138,976,,
1067,9603,9611,746,Wishiwashi (School),09604,09605,09606,09607,09608,09609,09610,09611,09612,,2139,2140,977,,
1068,9612,9620,747,Mareanie,09613,09614,09615,09616,09617,09618,09619,09620,09621,,2141,2142,978,,
1069,9621,9629,748,Toxapex,09622,09623,09624,09625,09626,09627,09628,09629,09630,,2143,2144,979,,
1070,9630,9638,749,Mudbray,09631,09632,09633,09634,09635,09636,09637,09638,09639,,2145,2146,980,,
1071,9639,9647,750,Mudsdale,09640,09641,09642,09643,09644,09645,09646,09647,09648,,2147,2148,981,,
1072,9648,9656,751,Dewpider,09649,09650,09651,09652,09653,09654,09655,09656,09657,,2149,2150,982,,
1073,9657,9665,752,Araquanid,09658,09659,09660,09661,09662,09663,09664,09665,09666,,2151,2152,983,,
1074,9666,9674,752,Araquanid Totem,09667,09668,09669,09670,09671,09672,09673,09674,09675,,2151,2152,984,,
1075,9675,9683,753,Fomantis,09676,09677,09678,09679,09680,09681,09682,09683,09684,,2153,2154,985,,
1076,9684,9692,754,Lurantis,09685,09686,09687,09688,09689,09690,09691,09692,09693,,2155,2156,986,,
1077,9693,9701,754,Lurantis Totem,09694,09695,09696,09697,09698,09699,09700,09701,09702,,2155,2156,987,,
1078,9702,9710,755,Morelull,09703,09704,09705,09706,09707,09708,09709,09710,09711,,2157,2158,988,,
1079,9711,9719,756,Shiinotic,09712,09713,09714,09715,09716,09717,09718,09719,09720,,2159,2160,989,,
1080,9720,9728,757,Salandit,09721,09722,09723,09724,09725,09726,09727,09728,09729,,2161,2162,990,,
1081,9729,9737,758,Salazzle,09730,09731,09732,09733,09734,09735,09736,09737,09738,,2163,2164,991,,
1082,9738,9746,758,Salazzle Totem,09739,09740,09741,09742,09743,09744,09745,09746,09747,,2163,2164,992,,
1083,9747,9755,759,Stufful,09748,09749,09750,09751,09752,09753,09754,09755,09756,,2165,2166,993,,
1084,9756,9764,760,Bewear,09757,09758,09759,09760,09761,09762,09763,09764,09765,,2167,2168,994,,
1085,9765,9773,761,Bounsweet,09766,09767,09768,09769,09770,09771,09772,09773,09774,,2169,2170,995,,
1086,9774,9782,762,Steenee,09775,09776,09777,09778,09779,09780,09781,09782,09783,,2171,2172,996,,
1087,9783,9791,763,Tsareena,09784,09785,09786,09787,09788,09789,09790,09791,09792,,2173,2174,997,,
1088,9792,9800,764,Comfey,09793,09794,09795,09796,09797,09798,09799,09800,09801,,2175,2176,998,,
1089,9801,9809,765,Oranguru,09802,09803,09804,09805,09806,09807,09808,09809,09810,,2177,2178,999,,
1090,9810,9818,766,Passimian,09811,09812,09813,09814,09815,09816,09817,09818,09819,,2179,2180,1000,,
1091,9819,9827,767,Wimpod,09820,09821,09822,09823,09824,09825,09826,09827,09828,,2181,2182,1001,,
1092,9828,9836,768,Golisopod,09829,09830,09831,09832,09833,09834,09835,09836,09837,,2183,2184,1002,,
1093,9837,9845,769,Sandygast,09838,09839,09840,09841,09842,09843,09844,09845,09846,,2185,2186,1003,,
1094,9846,9854,769,Pallosand,09847,09848,09849,09850,09851,09852,09853,09854,09855,,2187,2188,1004,,
1095,9855,9863,771,Pyukumuku,09856,09857,09858,09859,09860,09861,09862,09863,09864,,2189,2190,1005,,
1096,9864,9872,771,Type:Null,09865,09866,09867,09868,09869,09870,09871,09872,09873,,2191,2192,1006,,
1097,9873,9881,771,Silvally Normal,09874,09875,09876,09877,09878,09879,09880,09881,09882,,2193,2194,1007,,
1098,9882,9890,771,Silvally Fighting,09883,09884,09885,09886,09887,09888,09889,09890,09891,,2195,2196,1008,,
1099,9891,9899,771,Silvally Flying,09892,09893,09894,09895,09896,09897,09898,09899,09900,,2197,2198,1009,,
1100,9900,9908,771,Silvally Poison,09901,09902,09903,09904,09905,09906,09907,09908,09909,,2199,2200,1010,,
1101,9909,9917,771,Silvally Ground,09910,09911,09912,09913,09914,09915,09916,09917,09918,,2201,2202,1011,,
1102,9918,9926,771,Silvally Rock,09919,09920,09921,09922,09923,09924,09925,09926,09927,,2203,2204,1012,,
1103,9927,9935,771,Silvally Bug,09928,09929,09930,09931,09932,09933,09934,09935,09936,,2205,2206,1013,,
1104,9936,9944,771,Silvally Ghost,09937,09938,09939,09940,09941,09942,09943,09944,09945,,2207,2208,1014,,
1105,9945,9953,771,Silvally Steel,09946,09947,09948,09949,09950,09951,09952,09953,09954,,2209,2210,1015,,
1106,9954,9962,771,Silvally Fire,09955,09956,09957,09958,09959,09960,09961,09962,09963,,2211,2212,1016,,
1107,9963,9971,771,Silvally Water,09964,09965,09966,09967,09968,09969,09970,09971,09972,,2213,2214,1017,,
1108,9972,9980,771,Silvally Grass,09973,09974,09975,09976,09977,09978,09979,09980,09981,,2215,2216,1018,,
1109,9981,9989,771,Silvally Electric,09982,09983,09984,09985,09986,09987,09988,09989,09990,,2217,2218,1019,,
1110,9990,9998,771,Silvally Psychic,09991,09992,09993,09994,09995,09996,09997,09998,09999,,2219,2220,1020,,
1111,9999,10007,771,Silvally Ice,10000,10001,10002,10003,10004,10005,10006,10007,10008,,2221,2222,1021,,
1112,10008,10016,771,Silvally Dragon,10009,10010,10011,10012,10013,10014,10015,10016,10017,,2223,2224,1022,,
1113,10017,10025,771,Silvally Dark,10018,10019,10020,10021,10022,10023,10024,10025,10026,,2225,2226,1023,,
1114,10026,10034,771,Silvally Fairy,10027,10028,10029,10030,10031,10032,10033,10034,10035,,2227,2228,1024,,
1115,10035,10043,771,Minior-Shielded-Red,10036,10037,10038,10039,10040,10041,10042,10043,10044,,2229,2230,1025,,
1116,10044,10052,771,Minior-Shielded-Orange,10045,10046,10047,10048,10049,10050,10051,10052,10053,,2231,2232,1026,,
1117,10053,10061,771,Minior-Shielded-Yellow,10054,10055,10056,10057,10058,10059,10060,10061,10062,,2233,2234,1027,,
1118,10062,10070,771,Minior-Shielded-Green,10063,10064,10065,10066,10067,10068,10069,10070,10071,,2235,2236,1028,,
1119,10071,10079,771,Minior-Shielded-Blue,10072,10073,10074,10075,10076,10077,10078,10079,10080,,2237,2238,1029,,
1120,10080,10088,771,Minior-Shielded-Indigo,10081,10082,10083,10084,10085,10086,10087,10088,10089,,2239,2240,1030,,
1121,10089,10097,771,Minior-Shielded-Violet,10090,10091,10092,10093,10094,10095,10096,10097,10098,,2241,2242,1031,,
1122,10098,10106,771,Minior-Core-Red,10099,10100,10101,10102,10103,10104,10105,10106,10107,,2243,2244,1032,,
1123,10107,10115,771,Minior-Core-Orange,10108,10109,10110,10111,10112,10113,10114,10115,10116,,2245,2246,1033,,
1124,10116,10124,771,Minior-Core-Yellow,10117,10118,10119,10120,10121,10122,10123,10124,10125,,2247,2248,1034,,
1125,10125,10133,771,Minior-Core-Green,10126,10127,10128,10129,10130,10131,10132,10133,10134,,2249,2250,1035,,
1126,10134,10142,771,Minior-Core-Blue,10135,10136,10137,10138,10139,10140,10141,10142,10143,,2251,2252,1036,,
1127,10143,10151,771,Minior-Core-Indigo,10144,10145,10146,10147,10148,10149,10150,10151,10152,,2253,2254,1037,,
1128,10152,10160,771,Minior-Core-Violet,10153,10154,10155,10156,10157,10158,10159,10160,10161,,2255,2256,1038,,
1129,10161,10169,775,Komala,10162,10163,10164,10165,10166,10167,10168,10169,10170,,2257,2258,1039,,
1130,10170,10178,776,Turtonator,10171,10172,10173,10174,10175,10176,10177,10178,10179,,2259,2260,1040,,
1131,10179,10187,777,Togedemaru,10180,10181,10182,10183,10184,10185,10186,10187,10188,,2261,2262,1041,,
1132,10188,10196,777,Togedemaru Totem,10189,10190,10191,10192,10193,10194,10195,10196,10197,,2263,2264,1042,,
1133,10197,10205,778,Mimikyu,10198,10199,10200,10201,10202,10203,10204,10205,10206,,2265,2266,1043,,
1134,10206,10214,778,Mimikyu Busted,10207,10208,10209,10210,10211,10212,10213,10214,10215,,2267,2268,1044,,
1135,10215,10223,778,Mimikyu Totem,10216,10217,10218,10219,10220,10221,10222,10223,10224,,2269,2270,1045,,
1136,10224,10232,778,Mimikyu Totem Busted,10225,10226,10227,10228,10229,10230,10231,10232,10233,,2271,2272,1046,,
1137,10233,10241,779,Bruxish,10234,10235,10236,10237,10238,10239,10240,10241,10242,,2273,2274,1047,,
1138,10242,10250,780,Drampa,10243,10244,10245,10246,10247,10248,10249,10250,10251,,2275,2276,1048,,
1139,10251,10259,781,Dhelmise,10252,10253,10254,10255,10256,10257,10258,10259,10260,,2277,2278,1049,,
1140,10260,10268,782,Jangmo-o,10261,10262,10263,10264,10265,10266,10267,10268,10269,,2279,2280,1050,,
1141,10269,10277,783,Hakamo-o,10270,10271,10272,10273,10274,10275,10276,10277,10278,,2281,2282,1051,,
1142,10278,10286,784,Kommo-o,10279,10280,10281,10282,10283,10284,10285,10286,10287,,2283,2284,1052,,
1143,10287,10295,784,Kommo-o Totem,10288,10289,10290,10291,10292,10293,10294,10295,10296,,2285,2286,1053,,
1144,10296,10304,785,Tapu Koko,10297,10298,10299,10300,10301,10302,10303,10304,10305,,2287,2288,1054,,
1145,10305,10313,786,Tapu Lele,10306,10307,10308,10309,10310,10311,10312,10313,10314,,2289,2290,1055,,
1146,10314,10322,787,Tapu Bulu,10315,10316,10317,10318,10319,10320,10321,10322,10323,,2291,2292,1056,,
1147,10323,10331,788,Tapu Fini,10324,10325,10326,10327,10328,10329,10330,10331,10332,,2293,2294,1057,,
1148,10332,10340,789,Cosmog,10333,10334,10335,10336,10337,10338,10339,10340,10341,,2295,2296,1058,,
1149,10341,10349,790,Cosmoem,10342,10343,10344,10345,10346,10347,10348,10349,10350,,2297,2298,1059,,
1150,10350,10358,791,Solgaleo,10351,10352,10353,10354,10355,10356,10357,10358,10359,,2299,2300,1060,,
1151,10359,10367,792,Lunala,10360,10361,10362,10363,10364,10365,10366,10367,10368,,2301,2302,1061,,
1152,10368,10376,793,Nihilego,10369,10370,10371,10372,10373,10374,10375,10376,10377,,2303,2304,1062,,
1153,10377,10385,794,Buzzwole,10378,10379,10380,10381,10382,10383,10384,10385,10386,,2305,2306,1063,,
1154,10386,10394,795,Pheromosa,10387,10388,10389,10390,10391,10392,10393,10394,10395,,2307,2308,1064,,
1155,10395,10403,796,Xurkitree,10396,10397,10398,10399,10400,10401,10402,10403,10404,,2309,2310,1065,,
1156,10404,10412,797,Celesteela,10405,10406,10407,10408,10409,10410,10411,10412,10413,,2311,2312,1066,,
1157,10413,10421,798,Kartana,10414,10415,10416,10417,10418,10419,10420,10421,10422,,2313,2314,1067,,
1158,10422,10430,799,Guzzlord,10423,10424,10425,10426,10427,10428,10429,10430,10431,,2315,2316,1068,,
1159,10431,10439,799,Necrozma (Normal),10432,10433,10434,10435,10436,10437,10438,10439,10440,,2317,2318,1069,,
1160,10440,10448,799,Necrozma (Solgaleo/Dusk Mane),10441,10442,10443,10444,10445,10446,10447,10448,10449,,2319,2320,1070,,
1161,10449,10457,799,Necrozma (Lunala/Dawn Wings),10450,10451,10452,10453,10454,10455,10456,10457,10458,,2321,2322,1071,,
1162,10458,10466,799,Necrozma (Ultra),10459,10460,10461,10462,10463,10464,10465,10466,10467,,2323,2324,1072,,
1163,10467,10475,801,Magearna,10468,10469,10470,10471,10472,10473,10474,10475,10476,,2325,2326,1073,,
1164,10476,10484,801,Magearna (Original Color),10477,10478,10479,10480,10481,10482,10483,10484,10485,,2327,2328,1074,,
1165,10485,10493,802,Marshadow,10486,10487,10488,10489,10490,10491,10492,10493,10494,,2329,2330,1075,,
1166,10494,10502,803,Poipole,10495,10496,10497,10498,10499,10500,10501,10502,10503,,2331,2332,1076,,
1167,10503,10511,804,Naganadel,10504,10505,10506,10507,10508,10509,10510,10511,10512,,2333,2334,1077,,
1168,10512,10520,805,Stakataka,10513,10514,10515,10516,10517,10518,10519,10520,10521,,2335,2336,1078,,
1169,10521,10529,806,Blacephalon,10522,10523,10524,10525,10526,10527,10528,10529,10530,,2337,2338,1079,,
1170,10530,10538,807,Zeraora,10531,10532,10533,10534,10535,10536,10537,10538,10539,,2339,2340,1080,,
1171,10539,10547,NA,Egg,10540,10541,10542,10543,10544,10545,10546,10547,10548,,,,1153,,
